G4267	G4267
G4267	G825
G4253	G1409
G4253	G1410
G4253	G1518
G4253	G1517
G4253	G665
G4253	G3765
G4253	G3766
G4253	G4128
G4253	G4127
G4253	G2023
G4253	G3760
G4253	G3761
G4253	G3764
G4253	G3763
G4253	G3762
G4253	G1604
G4253	G1603
G4253	G1927
G4253	G1450
G4253	G1451
G4253	G985
G4253	G3663
G4253	G1264
G4253	G665
G4253	G666
G4253	G4049
G4245	G4244
G4245	G4243
G4245	G4242
G4245	G4245
G4245	G3979
G4245	G1870
G4245	G3978
G4245	G3976
G4245	G3977
G4212	G4212
G4212	G4213
G4212	G4215
G4212	G4214
G4205	G4203
G4205	G4204
G4205	G4205
G4183	G4181
G4183	G4177
G4183	G4173
G4183	G4174
G4183	G4182
G4183	G4176
G4183	G4179
G4183	G4180
G4183	G4178
G4183	G4175
G4183	G4183
G4183	G4184
G4183	G663
G4172	G4169
G4172	G4168
G4172	G4170
G4149	G4147
G4149	G4148
G4149	G4146
G4140	G4145
G4140	G4140
G4140	G4143
G4140	G4141
G4140	G4142
G4140	G4144
G4112	G4132
G4112	G4130
G4112	G4131
G4112	G4111
G4063	G4062
G4063	G4061
G4063	G4059
G4063	G4060
G4046	G4047
G4046	G4046
G4043	G3628
G4043	G3627
G4043	G4042
G4043	G4043
G4032	G4034
G4032	G4033
G4022	G4023
G4007	G4003
G4007	G4004
G4007	G4005
G3965	G3965
G3965	G3526
G3965	G3525
G3962	G3962
G3962	G4066
G3930	G851
G3930	G849
G3930	G848
G3930	G850
G3930	G3930
G3930	G3924
G3930	G3925
G3930	G3926
G3930	G3927
G3930	G3928
G3930	G3930
G3930	G3931
G3905	G3905
G3855	G570
G3855	G2807
G3855	G2806
G3855	G2537
G3855	G2536
G3855	G3855
G3855	G1759
G3855	G1760
G3855	G1761
G3835	G735
G3835	G734
G3835	G736
G3835	G737
G3835	G738
G3835	G3795
G3835	G3794
G3835	G3796
G3835	G2572
G3835	G2573
G3835	G2576
G3835	G2577
G3835	G2579
G3835	G2580
G3835	G2574
G3835	G2575
G3835	G2578
G3835	G1601
G3835	G1602
G3835	G1600
G3835	G1598
G3835	G1599
G3835	G1597
G3835	G1020
G3835	G1019
G3835	G1225
G3835	G1226
G3835	G1224
G3835	G2715
G3835	G2960
G3835	G2961
G3835	G1496
G3835	G1853
G3835	G1601
G3835	G1595
G3835	G1602
G3835	G1594
G3835	G1600
G3835	G1596
G3835	G1598
G3835	G1599
G3835	G1593
G3835	G1597
G3835	G2716
G3835	G3005
G3835	G1263
G3835	G262
G3835	G16
G3835	G1592
G3835	G2379
G3835	G2642
G3835	G2643
G3835	G1024
G3835	G2346
G3835	G4266
G3835	G3002
G3835	G1584
G3835	G1820
G3835	G158
G3835	G1577
G3835	G2673
G3835	G2672
G3835	G3873
G3835	G23
G3835	G2407
G3835	G1656
G3835	G2783
G3835	G1611
G3835	G3296
G3835	G3297
G3835	G2927
G3835	G2929
G3823	G3823
G3823	G3822
G3802	G3804
G3802	G3802
G3802	G3803
G3792	G3790
G3792	G3791
G3751	G3751
G3734	G3729
G3734	G3730
G3734	G3732
G3734	G3723
G3734	G3727
G3734	G3726
G3734	G3725
G3734	G3722
G3734	G3731
G3734	G3724
G3734	G3728
G3734	G3777
G3734	G3780
G3734	G3778
G3734	G3779
G3734	G3707
G3734	G3705
G3734	G3815
G3734	G3817
G3734	G3818
G3734	G3816
G3734	G1693
G3734	G1707
G3734	G1706
G3734	G1708
G3734	G1709
G3734	G1705
G3734	G1724
G3734	G1699
G3734	G1702
G3734	G1698
G3734	G1700
G3734	G1714
G3734	G1719
G3734	G1711
G3734	G1723
G3734	G1695
G3734	G1703
G3734	G1720
G3734	G1697
G3734	G1715
G3734	G1713
G3734	G1712
G3734	G1718
G3734	G1716
G3734	G1722
G3734	G1710
G3734	G1694
G3734	G1717
G3734	G1704
G3734	G1721
G3734	G1701
G3734	G1696
G3734	G3628
G3734	G3627
G3734	G4042
G3734	G4043
G3734	G3359
G3734	G3362
G3734	G3361
G3734	G3363
G3734	G3360
G3734	G3357
G3734	G3358
G3734	G1085
G3734	G1707
G3734	G1706
G3734	G1708
G3734	G1709
G3734	G1705
G3734	G1724
G3734	G1702
G3734	G1714
G3734	G1719
G3734	G1711
G3734	G1723
G3734	G1703
G3734	G1720
G3734	G1715
G3734	G1713
G3734	G1712
G3734	G1718
G3734	G1716
G3734	G1722
G3734	G1710
G3734	G1717
G3734	G1704
G3734	G1721
G3734	G1701
G3734	G3735
G3734	G3734
G3734	G1512
G3734	G3629
G3734	G4097
G3734	G1073
G3734	G4097
G3734	G4096
G3734	G281
G3734	G4128
G3734	G4127
G3734	G4041
G3734	G3276
G3734	G3344
G3734	G1605
G3734	G3707
G3734	G3706
G3734	G3668
G3734	G3667
G3734	G3666
G3734	G1639
G3734	G1147
G3734	G1148
G3734	G1149
G3734	G1153
G3707	G281
G3706	G1693
G3706	G1707
G3706	G1706
G3706	G1708
G3706	G1709
G3706	G1705
G3706	G1724
G3706	G1699
G3706	G1702
G3706	G1698
G3706	G1700
G3706	G1714
G3706	G1719
G3706	G1711
G3706	G1723
G3706	G1695
G3706	G1703
G3706	G1720
G3706	G1697
G3706	G1715
G3706	G1713
G3706	G1712
G3706	G1718
G3706	G1716
G3706	G1722
G3706	G1710
G3706	G1694
G3706	G1717
G3706	G1704
G3706	G1721
G3706	G1701
G3706	G1696
G3706	G1707
G3706	G1706
G3706	G1708
G3706	G1709
G3706	G1705
G3706	G1724
G3706	G1702
G3706	G1714
G3706	G1719
G3706	G1711
G3706	G1723
G3706	G1703
G3706	G1720
G3706	G1715
G3706	G1713
G3706	G1712
G3706	G1718
G3706	G1716
G3706	G1722
G3706	G1710
G3706	G1717
G3706	G1704
G3706	G1721
G3706	G1701
G3691	G3690
G3691	G3689
G3691	G3691
G3691	G3692
G3691	G1116
G3686	G3685
G3686	G3686
G3686	G3684
G3686	G813
G3686	G810
G3686	G812
G3686	G811
G3654	G3652
G3654	G3654
G3654	G3653
G3654	G3651
G3645	G3643
G3645	G3639
G3645	G3640
G3645	G3638
G3645	G3644
G3645	G3637
G3645	G3641
G3645	G3645
G3645	G3642
G3619	G3750
G3619	G3748
G3619	G3749
G3619	G980
G3600	G3586
G3600	G3585
G3600	G3587
G3600	G2599
G3600	G2600
G3600	G2598
G3600	G3601
G3600	G3276
G3599	G3596
G3599	G3597
G3599	G3594
G3599	G3598
G3599	G3595
G3599	G3599
G3579	G3578
G3579	G3579
G3579	G3047
G3579	G3043
G3579	G3039
G3579	G3045
G3579	G3041
G3579	G3040
G3579	G3044
G3579	G3042
G3579	G3046
G3579	G3048
G3579	G3016
G3577	G3574
G3577	G3572
G3577	G3577
G3577	G3573
G3577	G3576
G3577	G3575
G3577	G3577
G3577	G3576
G3566	G3552
G3566	G3555
G3566	G3554
G3566	G3553
G3566	G3565
G3566	G3562
G3566	G3564
G3566	G3563
G3561	G3459
G3561	G3460
G3561	G3458
G3561	G3459
G3561	G3460
G3561	G3458
G3561	G3462
G3561	G3561
G3561	G3560
G3550	G866
G3550	G865
G3548	G728
G3548	G728
G3548	G727
G3548	G3831
G3548	G3546
G3548	G4241
G3548	G4240
G3534	G2099
G3534	G2092
G3534	G2094
G3534	G2091
G3534	G2102
G3534	G2097
G3534	G2100
G3534	G2103
G3534	G2096
G3534	G2106
G3534	G2104
G3534	G2095
G3534	G2098
G3534	G3533
G3534	G3532
G3502	G3750
G3502	G3748
G3502	G3749
G3502	G2261
G3502	G2265
G3502	G2264
G3502	G2262
G3502	G2263
G3502	G4054
G3502	G4057
G3502	G4052
G3502	G4053
G3502	G4055
G3502	G4056
G3502	G3504
G3502	G3503
G3502	G4128
G3502	G4127
G3502	G1120
G3502	G2437
G3502	G2438
G3488	G977
G3488	G975
G3488	G976
G3488	G3492
G3488	G3493
G3488	G3488
G3488	G3489
G3488	G3491
G3488	G3490
G3488	G598
G3482	G3481
G3479	G3480
G3479	G3479
G3479	G3478
G3479	G1353
G3479	G3481
G3465	G3466
G3465	G3465
G3430	G3432
G3430	G3429
G3430	G3433
G3430	G3434
G3430	G3431
G3430	G3435
G3414	G3420
G3414	G3423
G3414	G3421
G3414	G3424
G3414	G3422
G3414	G3417
G3414	G3416
G3414	G3415
G3414	G3418
G3414	G1381
G3414	G3417
G3414	G3416
G3414	G3414
G3414	G3415
G3414	G3418
G3414	G3861
G3414	G3860
G3414	G3859
G3414	G3840
G3414	G3413
G3414	G3425
G3414	G3426
G3364	G3365
G3340	G1298
G3340	G1299
G3340	G3945
G3340	G3946
G3340	G799
G3340	G2723
G3340	G519
G3340	G520
G3340	G385
G3340	G386
G3340	G357
G3340	G355
G3340	G356
G3340	G354
G3340	G358
G3340	G359
G3340	G3947
G3340	G2722
G3340	G2723
G3340	G1666
G3340	G1667
G3340	G1664
G3340	G1665
G3340	G1663
G3340	G3601
G3340	G3344
G3325	G3902
G3325	G3903
G3325	G3330
G3325	G800
G3289	G3287
G3289	G3288
G3289	G3290
G3289	G3289
G3289	G3286
G3275	G3552
G3275	G3555
G3275	G3554
G3275	G3553
G3275	G3274
G3275	G3273
G3213	G3211
G3213	G3209
G3213	G3213
G3213	G3208
G3213	G3210
G3213	G3212
G3213	G3844
G3213	G3841
G3213	G3842
G3207	G3205
G3207	G3204
G3193	G3195
G3193	G3196
G3193	G3193
G3193	G3194
G3193	G3197
G3143	G4145
G3143	G4140
G3143	G4143
G3143	G4141
G3143	G4142
G3143	G4144
G3143	G3078
G3143	G3079
G3143	G213
G3143	G214
G3143	G484
G3143	G487
G3143	G486
G3143	G481
G3143	G482
G3143	G488
G3143	G485
G3143	G483
G3143	G1287
G3143	G1292
G3143	G1291
G3143	G1289
G3143	G1293
G3143	G1290
G3143	G1288
G3143	G1294
G3143	G1564
G3143	G1566
G3143	G1563
G3143	G1562
G3143	G1567
G3143	G1565
G3143	G3459
G3143	G3460
G3143	G3458
G3143	G4084
G3143	G4085
G3143	G4132
G3143	G4130
G3143	G4131
G3143	G2989
G3143	G2991
G3143	G2992
G3143	G2994
G3143	G2990
G3143	G2995
G3143	G2993
G3143	G4003
G3143	G4004
G3143	G4005
G3143	G1287
G3143	G1286
G3143	G1285
G3143	G1292
G3143	G1291
G3143	G1289
G3143	G1293
G3143	G1290
G3143	G1288
G3143	G1294
G3143	G1298
G3143	G1299
G3143	G1482
G3143	G1483
G3143	G1484
G3143	G1481
G3143	G1485
G3143	G3018
G3143	G3019
G3143	G3021
G3143	G3020
G3143	G3017
G3143	G805
G3143	G804
G3143	G3945
G3143	G3946
G3143	G3057
G3143	G3056
G3143	G4212
G3143	G4213
G3143	G4215
G3143	G4214
G3143	G2858
G3143	G2863
G3143	G2861
G3143	G2862
G3143	G2860
G3143	G851
G3143	G849
G3143	G848
G3143	G850
G3143	G799
G3143	G2487
G3143	G2488
G3143	G1474
G3143	G3979
G3143	G3735
G3143	G3734
G3143	G1029
G3143	G3287
G3143	G3288
G3143	G3290
G3143	G3289
G3143	G3286
G3143	G4111
G3143	G2723
G3143	G3115
G3143	G1687
G3143	G1685
G3143	G1684
G3143	G1686
G3143	G3685
G3143	G3686
G3143	G3684
G3143	G1485
G3143	G1585
G3143	G4080
G3143	G3691
G3143	G3692
G3143	G853
G3143	G2335
G3143	G2337
G3143	G2336
G3143	G2334
G3143	G607
G3143	G614
G3143	G613
G3143	G608
G3143	G611
G3143	G609
G3143	G610
G3143	G612
G3143	G2552
G3143	G2547
G3143	G2549
G3143	G2548
G3143	G2550
G3143	G2551
G3143	G973
G3143	G3137
G3143	G3578
G3143	G2382
G3143	G2383
G3143	G2381
G3143	G385
G3143	G386
G3143	G1886
G3143	G1885
G3143	G2655
G3143	G3688
G3143	G2728
G3143	G2729
G3143	G1996
G3143	G4138
G3143	G1070
G3143	G3966
G3143	G2440
G3143	G2442
G3143	G2441
G3143	G2439
G3143	G2443
G3143	G428
G3143	G3047
G3143	G3043
G3143	G3039
G3143	G3045
G3143	G3041
G3143	G3040
G3143	G3044
G3143	G3042
G3143	G3046
G3143	G4020
G3143	G4019
G3143	G1253
G3143	G4076
G3143	G4077
G3143	G4079
G3143	G4078
G3143	G2005
G3143	G2039
G3143	G2040
G3143	G709
G3143	G3077
G3143	G3076
G3143	G3661
G3143	G3658
G3143	G3659
G3143	G3657
G3143	G3656
G3143	G3660
G3143	G2937
G3143	G2936
G3143	G3602
G3143	G3786
G3143	G3781
G3143	G3784
G3143	G3782
G3143	G3783
G3143	G3785
G3143	G4101
G3143	G4102
G3143	G4103
G3143	G4100
G3143	G823
G3143	G822
G3143	G824
G3143	G3132
G3143	G3195
G3143	G3196
G3143	G3193
G3143	G3194
G3143	G3197
G3143	G3048
G3143	G4241
G3143	G4240
G3143	G826
G3143	G971
G3143	G972
G3143	G2338
G3143	G2339
G3143	G460
G3143	G3016
G3143	G4181
G3143	G4177
G3143	G4173
G3143	G4174
G3143	G4182
G3143	G4176
G3143	G4179
G3143	G4180
G3143	G4178
G3143	G4175
G3143	G3140
G3143	G3138
G3143	G3139
G3143	G1120
G3143	G1837
G3143	G1836
G3143	G1839
G3143	G1840
G3143	G308
G3143	G4062
G3143	G4061
G3143	G4059
G3143	G4060
G3143	G3036
G3143	G3038
G3143	G3078
G3143	G3080
G3143	G3079
G3143	G2481
G3143	G2480
G3143	G861
G3143	G860
G3143	G862
G3143	G853
G3143	G852
G3143	G4147
G3143	G4148
G3143	G4146
G3143	G2044
G3143	G2195
G3143	G2384
G3143	G740
G3143	G739
G3143	G741
G3143	G3596
G3143	G3597
G3143	G3594
G3143	G3598
G3143	G3595
G3143	G3137
G3143	G3136
G3143	G2435
G3143	G744
G3143	G751
G3143	G743
G3143	G753
G3143	G752
G3143	G747
G3143	G750
G3143	G745
G3143	G749
G3143	G742
G3143	G746
G3143	G748
G3143	G751
G3143	G753
G3143	G752
G3143	G750
G3135	G3135
G3108	G3097
G3108	G3104
G3108	G3098
G3108	G3099
G3108	G3096
G3108	G3106
G3108	G3105
G3108	G3103
G3108	G3102
G3108	G3107
G3108	G3101
G3108	G3100
G3098	G2434
G3098	G2453
G3098	G2456
G3098	G2455
G3098	G2452
G3098	G2454
G3077	G2631
G3077	G2632
G3077	G2633
G3077	G2634
G3077	G2635
G3077	G213
G3077	G214
G3077	G265
G3077	G267
G3077	G266
G3077	G3746
G3077	G3745
G3077	G3747
G3077	G3740
G3077	G3741
G3077	G3739
G3077	G3744
G3077	G3742
G3077	G3743
G3077	G3428
G3077	G984
G3077	G4237
G3077	G4236
G3077	G4238
G3077	G4114
G3077	G1396
G3077	G1397
G3077	G665
G3077	G357
G3077	G355
G3077	G356
G3077	G354
G3077	G358
G3077	G3765
G3077	G3766
G3077	G1992
G3077	G1991
G3077	G2440
G3077	G2442
G3077	G2441
G3077	G2439
G3077	G2443
G3077	G3077
G3077	G3076
G3077	G1252
G3077	G3715
G3077	G823
G3077	G822
G3077	G824
G3077	G3132
G3077	G3760
G3077	G3761
G3077	G3764
G3077	G3763
G3077	G3762
G3077	G826
G3077	G600
G3077	G599
G3077	G4009
G3077	G194
G3077	G197
G3077	G195
G3077	G196
G3077	G192
G3077	G198
G3077	G193
G3077	G665
G3077	G666
G3066	G1815
G3066	G1816
G3066	G1818
G3066	G1817
G3058	G3057
G3058	G3056
G3052	G3051
G3052	G3053
G3052	G3052
G3052	G3054
G3020	G3459
G3020	G3460
G3020	G3458
G3020	G3018
G3020	G3019
G3020	G3021
G3020	G3020
G3020	G3017
G3020	G1477
G3020	G1478
G3020	G1476
G3020	G1070
G3020	G3459
G3020	G3460
G3020	G3458
G3020	G3462
G3020	G3915
G3020	G3916
G3020	G3917
G3005	G3795
G3005	G3794
G3005	G3796
G3005	G3254
G3005	G3256
G3005	G3255
G3005	G1225
G3005	G1226
G3005	G1224
G3005	G1223
G3005	G1222
G3005	G2715
G3005	G1778
G3005	G423
G3005	G3295
G3005	G1853
G3005	G3797
G3005	G776
G3005	G774
G3005	G773
G3005	G772
G3005	G775
G3005	G1133
G3005	G3438
G3005	G671
G3005	G1882
G3005	G1263
G3005	G1670
G3005	G1038
G3005	G1224
G3005	G2346
G3005	G1104
G3005	G1103
G3005	G4164
G3005	G1176
G3005	G730
G3005	G1959
G3005	G2084
G3005	G2086
G3005	G2085
G3005	G3259
G3005	G3257
G3005	G3258
G3005	G1809
G3005	G3991
G3005	G3986
G3005	G3988
G3005	G3989
G3005	G3982
G3005	G3984
G3005	G3983
G3005	G3985
G3005	G3990
G3005	G3987
G3005	G3981
G3005	G1572
G3005	G1571
G3005	G1846
G3005	G3438
G3005	G3439
G3005	G2090
G3005	G2710
G3005	G582
G3005	G583
G3005	G581
G3005	G2996
G3005	G1113
G3005	G1111
G3005	G1114
G3005	G1110
G3005	G1115
G3005	G1112
G3005	G2352
G3005	G3634
G3005	G2053
G3005	G2088
G3005	G2087
G3005	G2783
G3005	G1445
G2953	G389
G2953	G3398
G2953	G3396
G2953	G3397
G2951	G2948
G2951	G2949
G2951	G2947
G2951	G299
G2951	G2951
G2951	G2950
G2912	G4158
G2912	G4152
G2912	G4153
G2912	G4156
G2912	G4157
G2912	G4154
G2912	G4155
G2912	G956
G2912	G73
G2912	G3097
G2912	G3104
G2912	G3098
G2912	G3099
G2912	G3096
G2912	G3106
G2912	G3105
G2912	G3103
G2912	G3102
G2912	G3107
G2912	G3101
G2912	G3100
G2912	G2882
G2912	G2883
G2912	G2885
G2912	G2886
G2912	G2884
G2912	G925
G2912	G927
G2912	G929
G2912	G928
G2912	G926
G2912	G3108
G2912	G764
G2912	G765
G2912	G1635
G2912	G1632
G2912	G1633
G2912	G1634
G2912	G1638
G2912	G1636
G2912	G1637
G2912	G465
G2874	G2874
G2874	G2873
G2864	G2858
G2864	G2863
G2864	G2861
G2864	G2862
G2864	G2860
G2854	G2857
G2854	G2857
G2854	G2856
G2820	G2816
G2820	G2818
G2820	G2817
G2820	G2819
G2820	G2820
G2815	G2815
G2805	G2807
G2805	G2806
G2788	G2788
G2788	G2787
G2788	G2786
G2788	G1351
G2788	G1352
G2788	G2791
G2788	G2789
G2779	G2777
G2779	G2776
G2779	G2778
G2779	G2767
G2779	G2773
G2779	G2771
G2779	G2768
G2779	G2770
G2779	G2772
G2779	G2769
G2779	G2775
G2720	G2719
G2720	G2720
G2720	G2718
G2720	G2717
G2686	G2686
G2686	G2684
G2686	G2680
G2686	G2682
G2686	G2683
G2686	G2685
G2686	G2681
G2686	G629
G2686	G630
G2661	G3068
G2661	G3067
G2661	G1536
G2661	G3224
G2661	G2304
G2661	G2303
G3143	G3010
G2646	G341
G2646	G340
G2646	G339
G2646	G341
G2646	G338
G2646	G340
G2646	G2836
G2646	G290
G2646	G289
G2646	G291
G2646	G3238
G2646	G930
G2613	G2613
G2597	G3750
G2597	G3748
G2597	G3749
G2597	G3586
G2597	G3585
G2597	G3587
G2597	G2596
G2597	G2597
G2597	G1606
G2597	G1607
G2597	G1608
G2597	G3735
G2597	G3734
G2597	G2599
G2597	G2600
G2597	G2598
G2597	G1495
G2597	G1073
G2597	G49
G2597	G2478
G2597	G2477
G2597	G2476
G2597	G4041
G2597	G3620
G2597	G3619
G2597	G4241
G2597	G4240
G2597	G3304
G2597	G3303
G2597	G980
G2597	G3605
G2597	G3615
G2597	G3606
G2597	G3609
G2597	G3604
G2597	G3614
G2597	G3616
G2597	G3608
G2597	G3610
G2597	G3617
G2597	G3611
G2597	G3612
G2597	G3607
G2597	G3613
G2597	G3618
G2597	G3522
G2597	G4037
G2597	G3318
G2597	G3317
G2588	G449
G2588	G3243
G2588	G3245
G2588	G3244
G2588	G3242
G2588	G572
G2588	G674
G2561	G4244
G2561	G4243
G2561	G4242
G2561	G3979
G2561	G3978
G2561	G3976
G2561	G3977
G2561	G1164
G2561	G1169
G2561	G1167
G2561	G1163
G2561	G1168
G2561	G1166
G2561	G1165
G2561	G3112
G2561	G3113
G2558	G3815
G2558	G3817
G2558	G3818
G2558	G3816
G2558	G4193
G2558	G4194
G2558	G1693
G2558	G1707
G2558	G1706
G2558	G1708
G2558	G1709
G2558	G1705
G2558	G1724
G2558	G1699
G2558	G1702
G2558	G1698
G2558	G1700
G2558	G1714
G2558	G1719
G2558	G1711
G2558	G1723
G2558	G1695
G2558	G1703
G2558	G1720
G2558	G1697
G2558	G1715
G2558	G1713
G2558	G1712
G2558	G1718
G2558	G1716
G2558	G1722
G2558	G1710
G2558	G1694
G2558	G1717
G2558	G1704
G2558	G1721
G2558	G1701
G2558	G1696
G2558	G4244
G2558	G4243
G2558	G4242
G2558	G2596
G2558	G2597
G2558	G1298
G2558	G1299
G2558	G1482
G2558	G1483
G2558	G1484
G2558	G1481
G2558	G1485
G2558	G3710
G2558	G3709
G2558	G1606
G2558	G1607
G2558	G1608
G2558	G1085
G2558	G1707
G2558	G1706
G2558	G1708
G2558	G1709
G2558	G1705
G2558	G1724
G2558	G1702
G2558	G1714
G2558	G1719
G2558	G1711
G2558	G1723
G2558	G1703
G2558	G1720
G2558	G1715
G2558	G1713
G2558	G1712
G2558	G1718
G2558	G1716
G2558	G1722
G2558	G1710
G2558	G1717
G2558	G1704
G2558	G1721
G2558	G1701
G2558	G4054
G2558	G4057
G2558	G4052
G2558	G4053
G2558	G4055
G2558	G4056
G2558	G3736
G2558	G3737
G2558	G1875
G2558	G1876
G2558	G2558
G2558	G4316
G2558	G4315
G2558	G2354
G2558	G2355
G2558	G1615
G2558	G1613
G2558	G1616
G2558	G1614
G2558	G1612
G2558	G2069
G2558	G791
G2558	G790
G2558	G37
G2558	G3558
G2558	G3557
G2558	G3559
G2558	G64
G2558	G1347
G2558	G1346
G2558	G3086
G2558	G3087
G2558	G2746
G2558	G1495
G2558	G3912
G2558	G2728
G2558	G2729
G2558	G2895
G2558	G324
G2558	G325
G2558	G326
G2558	G1174
G2558	G1175
G2558	G2478
G2558	G2477
G2558	G2476
G2558	G1
G2558	G2
G2558	G1522
G2558	G1521
G2558	G1520
G2558	G4041
G2558	G2023
G2558	G3132
G2558	G4011
G2558	G4010
G2558	G2630
G2558	G2629
G2558	G2726
G2558	G2725
G2558	G1617
G2558	G1874
G2558	G3347
G2558	G3453
G2558	G3452
G2558	G38
G2558	G194
G2558	G197
G2558	G195
G2558	G196
G2558	G192
G2558	G198
G2558	G193
G2558	G1468
G2558	G3901
G2558	G985
G2558	G2656
G2558	G2659
G2558	G2657
G2558	G701
G2558	G700
G2558	G11
G2558	G12
G2558	G1118
G2558	G1119
G2558	G39
G2558	G38
G2558	G3873
G2545	G2544
G2545	G2541
G2545	G2538
G2545	G2542
G2545	G2540
G2545	G2539
G2545	G2543
G2537	G2537
G2537	G2536
G2523	G2524
G2523	G2523
G2491	G2489
G2491	G2490
G2491	G2487
G2491	G2488
G2491	G2491
G2484	G332
G2484	G336
G2484	G333
G2484	G335
G2484	G334
G2484	G1486
G2484	G1487
G2484	G1488
G2484	G466
G2484	G467
G2484	G1934
G2484	G1933
G2484	G885
G2484	G4027
G2484	G4029
G2484	G4028
G2484	G797
G2484	G796
G2484	G3373
G2484	G796
G2484	G794
G2484	G795
G2484	G793
G2484	G1954
G2484	G392
G2484	G390
G2484	G393
G2484	G391
G2484	G165
G2484	G164
G2484	G163
G2484	G161
G2484	G162
G2484	G331
G2484	G3921
G2484	G460
G2484	G3371
G2484	G3369
G2484	G3372
G2484	G3368
G2484	G3370
G2484	G3367
G2484	G827
G2484	G3514
G2484	G616
G2484	G4167
G2484	G760
G2484	G3513
G2484	G3511
G2484	G3512
G2484	G2328
G2484	G889
G2484	G1076
G2484	G616
G2484	G615
G2484	G887
G2484	G886
G2484	G1400
G2484	G3923
G2484	G3921
G2484	G3922
G2484	G3472
G2484	G3471
G2484	G1454
G2484	G866
G2484	G865
G2440	G1564
G2440	G1566
G2440	G1563
G2440	G1562
G2440	G1567
G2440	G1565
G2440	G332
G2440	G336
G2440	G333
G2440	G335
G2440	G334
G2440	G1486
G2440	G1487
G2440	G1488
G2440	G1815
G2440	G1816
G2440	G1818
G2440	G1817
G2440	G384
G2440	G383
G2440	G3930
G2440	G2382
G2440	G2383
G2440	G2381
G2440	G3938
G2440	G3942
G2440	G3935
G2440	G3934
G2440	G3940
G2440	G3941
G2440	G3937
G2440	G3939
G2440	G3936
G2440	G2440
G2440	G2442
G2440	G2441
G2440	G2439
G2440	G2443
G2440	G1367
G2440	G4076
G2440	G4077
G2440	G4079
G2440	G4078
G2440	G1561
G2440	G971
G2440	G972
G2440	G1284
G2440	G1283
G2440	G4013
G2440	G1400
G2404	G2393
G2404	G2390
G2404	G2395
G2404	G2394
G2404	G2389
G2404	G2391
G2404	G2392
G2404	G2387
G2404	G2388
G2404	G2393
G2404	G2390
G2404	G2395
G2404	G2394
G2404	G2391
G2404	G2392
G2371	G1080
G2371	G1079
G2371	G1077
G2371	G1078
G2371	G3185
G2371	G3187
G2371	G3190
G2371	G3189
G2371	G3186
G2371	G3191
G2371	G3188
G2371	G1077
G2371	G3375
G2337	G2335
G2337	G2337
G2337	G2336
G2337	G2334
G2337	G2338
G2337	G2339
G2189	G2099
G2189	G2092
G2189	G2094
G2189	G2091
G2189	G2102
G2189	G2097
G2189	G2100
G2189	G2103
G2189	G2096
G2189	G2106
G2189	G2104
G2189	G2095
G2189	G2098
G2189	G2195
G2189	G2196
G2057	G866
G2057	G865
G2057	G2025
G2057	G2057
G2057	G2058
G2022	G2020
G2014	G3531
G2014	G2812
G2014	G2813
G1935	G1934
G1935	G1933
G1935	G1935
G1931	G1560
G1931	G1559
G1885	G3005
G1885	G4014
G1885	G4017
G1885	G4016
G1885	G4015
G1885	G3078
G1885	G3080
G1885	G3079
G1870	G153
G1870	G154
G1870	G4245
G1870	G2269
G1870	G1769
G1870	G1995
G1870	G1994
G1870	G1993
G1870	G2406
G1870	G2154
G1870	G2153
G1870	G640
G1870	G641
G1870	G2505
G1870	G1895
G1870	G1896
G1870	G589
G1870	G2268
G1870	G2267
G1870	G1996
G1870	G1091
G1870	G1092
G1870	G1305
G1870	G1448
G1870	G3699
G1870	G3700
G1870	G1090
G1870	G1023
G1870	G2708
G1870	G2457
G1870	G591
G1870	G590
G1870	G1870
G1870	G1033
G1870	G1035
G1870	G1034
G1870	G2610
G1870	G1802
G1870	G4009
G1870	G3013
G1870	G1873
G1870	G1872
G1870	G1871
G1870	G2611
G1870	G2935
G1870	G2934
G1870	G3767
G1870	G3088
G1870	G3089
G1870	G705
G1870	G703
G1870	G706
G1870	G704
G1870	G2498
G1870	G2500
G1870	G2502
G1870	G2503
G1870	G2501
G1870	G2499
G1870	G2504
G1838	G1837
G1838	G1836
G1838	G1839
G1838	G1840
G1823	G1823
G1823	G1824
G1823	G3861
G1823	G3860
G1823	G3859
G1823	G1395
G1823	G1823
G1823	G1899
G1736	G1740
G1736	G1739
G1736	G1738
G1736	G1736
G1736	G1735
G1736	G1741
G1736	G1737
G1725	G1725
G1692	G4145
G1692	G4140
G1692	G4143
G1692	G4141
G1692	G4142
G1692	G4144
G1692	G2544
G1692	G2541
G1692	G2538
G1692	G2542
G1692	G2540
G1692	G2539
G1692	G2543
G1692	G3449
G1692	G3451
G1692	G3450
G1692	G4193
G1692	G4194
G1692	G1693
G1692	G1707
G1692	G1706
G1692	G1708
G1692	G1709
G1692	G1705
G1692	G1724
G1692	G1699
G1692	G1702
G1692	G1698
G1692	G1700
G1692	G1714
G1692	G1719
G1692	G1711
G1692	G1723
G1692	G1695
G1692	G1703
G1692	G1720
G1692	G1697
G1692	G1715
G1692	G1713
G1692	G1712
G1692	G1718
G1692	G1716
G1692	G1722
G1692	G1710
G1692	G1694
G1692	G1717
G1692	G1704
G1692	G1721
G1692	G1701
G1692	G1696
G1692	G1356
G1692	G1358
G1692	G1359
G1692	G1355
G1692	G1357
G1692	G4244
G1692	G4243
G1692	G4242
G1692	G2299
G1692	G2298
G1692	G2989
G1692	G2991
G1692	G2992
G1692	G2994
G1692	G2990
G1692	G2995
G1692	G2993
G1692	G1298
G1692	G1299
G1692	G1183
G1692	G1185
G1692	G1180
G1692	G1181
G1692	G1184
G1692	G1182
G1692	G1191
G1692	G1188
G1692	G1192
G1692	G1189
G1692	G1190
G1692	G1042
G1692	G1085
G1692	G1707
G1692	G1706
G1692	G1708
G1692	G1709
G1692	G1705
G1692	G1724
G1692	G1702
G1692	G1714
G1692	G1719
G1692	G1711
G1692	G1723
G1692	G1703
G1692	G1720
G1692	G1715
G1692	G1713
G1692	G1712
G1692	G1718
G1692	G1716
G1692	G1722
G1692	G1710
G1692	G1717
G1692	G1704
G1692	G1721
G1692	G1701
G1692	G389
G1692	G1794
G1692	G1796
G1692	G1786
G1692	G1797
G1692	G1789
G1692	G1798
G1692	G1790
G1692	G1792
G1692	G1795
G1692	G1788
G1692	G1787
G1692	G1793
G1692	G1791
G1692	G3328
G1692	G3326
G1692	G3327
G1692	G3329
G1692	G3432
G1692	G3429
G1692	G3433
G1692	G3434
G1692	G3431
G1692	G3435
G1692	G2723
G1692	G3115
G1692	G4195
G1692	G4196
G1692	G4197
G1692	G3318
G1692	G3317
G1692	G3973
G1692	G3972
G1692	G3971
G1692	G3974
G1692	G3970
G1692	G3969
G1692	G272
G1692	G3137
G1692	G9
G1692	G385
G1692	G386
G1692	G1886
G1692	G1885
G1692	G357
G1692	G355
G1692	G356
G1692	G354
G1692	G358
G1692	G1691
G1692	G1689
G1692	G1692
G1692	G1688
G1692	G1690
G1692	G672
G1692	G4195
G1692	G4196
G1692	G4198
G1692	G4197
G1692	G4199
G1692	G1073
G1692	G324
G1692	G325
G1692	G326
G1692	G2309
G1692	G3861
G1692	G3860
G1692	G3859
G1692	G3381
G1692	G3380
G1692	G3129
G1692	G1544
G1692	G2722
G1692	G2723
G1692	G3379
G1692	G1383
G1692	G4058
G1692	G3721
G1692	G3978
G1692	G3976
G1692	G3977
G1692	G3385
G1692	G240
G1692	G4009
G1692	G305
G1692	G3398
G1692	G3396
G1692	G3397
G1692	G306
G1692	G1164
G1692	G1169
G1692	G1167
G1692	G1163
G1692	G1168
G1692	G1166
G1692	G1165
G1692	G1088
G1692	G1089
G1692	G2545
G1692	G226
G1692	G225
G1692	G3968
G1692	G989
G1692	G1609
G1692	G3429
G1692	G1356
G1692	G1361
G1692	G1358
G1692	G1359
G1692	G1355
G1692	G1363
G1692	G1360
G1692	G1362
G1692	G1357
G1692	G3137
G1692	G3136
G1663	G1667
G1663	G996
G1663	G997
G1663	G1177
G1663	G1178
G1663	G1220
G1663	G1666
G1663	G1667
G1663	G1664
G1663	G1665
G1663	G1663
G1663	G1061
G1642	G3552
G1642	G3555
G1642	G3554
G1642	G3553
G1642	G304
G1642	G303
G1642	G302
G1642	G2599
G1642	G2600
G1642	G2598
G1642	G3565
G1642	G3562
G1642	G3564
G1642	G3563
G1642	G3605
G1642	G3615
G1642	G3606
G1642	G3609
G1642	G3604
G1642	G3614
G1642	G3616
G1642	G3608
G1642	G3610
G1642	G3617
G1642	G3611
G1642	G3612
G1642	G3607
G1642	G3613
G1642	G3618
G1622	G1631
G1622	G1630
G1622	G1622
G1622	G1623
G1622	G1624
G1622	G1628
G1622	G1625
G1622	G1627
G1622	G1629
G1622	G1626
G1584	G3795
G1584	G3794
G1584	G3796
G1584	G1223
G1584	G1222
G1584	G3797
G1584	G1224
G1584	G1846
G1584	G1232
G1584	G2088
G1584	G2087
G1519	G1564
G1519	G1566
G1519	G1563
G1519	G1562
G1519	G1567
G1519	G1565
G1519	G2261
G1519	G2265
G1519	G2264
G1519	G2262
G1519	G2263
G1519	G357
G1519	G355
G1519	G356
G1519	G354
G1519	G358
G1519	G281
G1519	G3620
G1519	G3619
G1519	G3839
G1519	G2044
G1519	G817
G1519	G1549
G1509	G1510
G1509	G1509
G1509	G1511
G1495	G4276
G1495	G4280
G1495	G4279
G1495	G4277
G1495	G4278
G1495	G2261
G1495	G2265
G1495	G2264
G1495	G2262
G1495	G2263
G1495	G4201
G1495	G4200
G1495	G1413
G1495	G1085
G1495	G1430
G1495	G3558
G1495	G3557
G1495	G3559
G1495	G3938
G1495	G3942
G1495	G3935
G1495	G3934
G1495	G3940
G1495	G3941
G1495	G3937
G1495	G3939
G1495	G3936
G1495	G1495
G1495	G4223
G1495	G4225
G1495	G4222
G1495	G4226
G1495	G4224
G1495	G1243
G1485	G3078
G1485	G3079
G1485	G1485
G1485	G1886
G1485	G1885
G1485	G3078
G1485	G3080
G1485	G3079
G1472	G1486
G1472	G1487
G1472	G1488
G1472	G3057
G1472	G3056
G1472	G3371
G1472	G3369
G1472	G3372
G1472	G3368
G1472	G3370
G1472	G3367
G1472	G1400
G1461	G1461
G1461	G1462
G1457	G1460
G1457	G1459
G1457	G1458
G1433	G574
G1433	G575
G1433	G3536
G1433	G573
G1433	G574
G1433	G575
G1433	G1349
G1433	G2059
G1433	G2060
G1395	G2989
G1395	G2991
G1395	G2992
G1395	G2994
G1395	G2990
G1395	G2995
G1395	G2993
G1395	G332
G1395	G336
G1395	G333
G1395	G335
G1395	G334
G1395	G2062
G1395	G2061
G1395	G1183
G1395	G1185
G1395	G1180
G1395	G1181
G1395	G1184
G1395	G1182
G1395	G1191
G1395	G1188
G1395	G1192
G1395	G1189
G1395	G1190
G1395	G1934
G1395	G1933
G1395	G3417
G1395	G3416
G1395	G3415
G1395	G3418
G1395	G3528
G1395	G799
G1395	G1823
G1395	G1824
G1395	G3735
G1395	G3734
G1395	G3993
G1395	G3994
G1395	G3995
G1395	G1560
G1395	G1559
G1395	G4260
G1395	G4259
G1395	G1396
G1395	G1397
G1395	G272
G1395	G3889
G1395	G3890
G1395	G2901
G1395	G2903
G1395	G2902
G1395	G2904
G1395	G672
G1395	G3417
G1395	G3416
G1395	G3414
G1395	G3415
G1395	G3418
G1395	G3861
G1395	G3860
G1395	G3859
G1395	G3381
G1395	G3380
G1395	G3845
G1395	G3846
G1395	G880
G1395	G879
G1395	G375
G1395	G423
G1395	G419
G1395	G421
G1395	G420
G1395	G417
G1395	G422
G1395	G418
G1395	G1395
G1395	G2996
G1395	G3398
G1395	G3396
G1395	G3397
G1395	G4088
G1395	G3203
G1395	G3801
G1395	G1899
G1395	G337
G1395	G2943
G1395	G1823
G1395	G4260
G1395	G4259
G1395	G4261
G1378	G1377
G1306	G1307
G1306	G1309
G1306	G1308
G1306	G1310
G1306	G1311
G1306	G1312
G1292	G1287
G1292	G1292
G1292	G1291
G1292	G1289
G1292	G1293
G1292	G1290
G1292	G1288
G1292	G1294
G1292	G1287
G1292	G1286
G1292	G1285
G1292	G1292
G1292	G1291
G1292	G1289
G1292	G1293
G1292	G1290
G1292	G1288
G1292	G1294
G1253	G1256
G1253	G1254
G1253	G1255
G1253	G1253
G1195	G2291
G1195	G2290
G1195	G1546
G1195	G1547
G1195	G1545
G1195	G1548
G1195	G73
G1195	G357
G1195	G355
G1195	G356
G1195	G354
G1195	G358
G1195	G2050
G1195	G2051
G1195	G2049
G1195	G2882
G1195	G2883
G1195	G2885
G1195	G2886
G1195	G2884
G1195	G2373
G1195	G2375
G1195	G2372
G1195	G2376
G1195	G2374
G1195	G2377
G1195	G2371
G1195	G3299
G1195	G3118
G1195	G4011
G1195	G4010
G1195	G3152
G1195	G3151
G1195	G3150
G1195	G3309
G1195	G1586
G1195	G1587
G1195	G3662
G1195	G3201
G1195	G3118
G1195	G3117
G1195	G1203
G1195	G1204
G1195	G3014
G1195	G72
G1195	G70
G1195	G73
G1195	G71
G1195	G87
G1195	G88
G1195	G85
G1195	G86
G1195	G83
G1195	G84
G1127	G1128
G1099	G1096
G1099	G1098
G1099	G1097
G1099	G1095
G1085	G3729
G1085	G3730
G1085	G3732
G1085	G3723
G1085	G3727
G1085	G3726
G1085	G3725
G1085	G3722
G1085	G3731
G1085	G3724
G1085	G3728
G1085	G2964
G1085	G2967
G1085	G2962
G1085	G2968
G1085	G2965
G1085	G2963
G1085	G2966
G1085	G4318
G1085	G4321
G1085	G4320
G1085	G4319
G1085	G1085
G1085	G1769
G1085	G2607
G1085	G2609
G1085	G2603
G1085	G2602
G1085	G2606
G1085	G2604
G1085	G2608
G1085	G2605
G1085	G1472
G1085	G728
G1085	G727
G1085	G3529
G1085	G3530
G1085	G2964
G1085	G2962
G1085	G2965
G1085	G2963
G1085	G2966
G1085	G2696
G1085	G2698
G1085	G2697
G1085	G3824
G1085	G3509
G1085	G3508
G1085	G3510
G1085	G4308
G1085	G4309
G1085	G4307
G1085	G4310
G1085	G201
G1085	G2970
G1085	G348
G1085	G349
G1085	G1106
G1085	G1107
G1085	G1105
G1085	G1109
G1085	G1108
G1085	G1088
G1085	G1089
G1042	G3729
G1042	G3730
G1042	G3732
G1042	G3723
G1042	G3727
G1042	G3726
G1042	G3725
G1042	G3722
G1042	G3731
G1042	G3724
G1042	G3728
G1042	G2596
G1042	G2597
G1042	G1183
G1042	G1185
G1042	G1180
G1042	G1181
G1042	G1184
G1042	G1182
G1042	G1191
G1042	G1188
G1042	G1192
G1042	G1189
G1042	G1190
G1042	G2715
G1042	G3973
G1042	G3972
G1042	G3971
G1042	G3974
G1042	G3970
G1042	G3969
G1042	G1073
G1042	G3129
G1042	G3077
G1042	G3076
G1042	G4041
G1042	G1544
G1042	G375
G1042	G3721
G1012	G1013
G1012	G1014
G1012	G1012
G1011	G1010
G986	G987
G986	G988
G981	G332
G981	G336
G981	G333
G981	G335
G981	G334
G981	G1486
G981	G1487
G981	G1488
G981	G3930
G981	G1367
G981	G3930
G981	G3931
G981	G1400
G970	G213
G970	G214
G970	G973
G970	G971
G970	G972
G923	G1042
G914	G2978
G914	G2977
G914	G2980
G914	G2976
G914	G2981
G914	G2979
G914	G1815
G914	G1816
G914	G1818
G914	G1817
G914	G1195
G914	G357
G914	G355
G914	G356
G914	G354
G914	G358
G914	G924
G914	G2484
G914	G4217
G914	G4216
G914	G3477
G914	G914
G914	G1454
G914	G1195
G914	G1194
G903	G907
G903	G906
G903	G907
G903	G906
G903	G904
G879	G880
G879	G879
G876	G3624
G876	G3623
G876	G3622
G872	G874
G872	G873
G872	G875
G861	G861
G861	G860
G861	G862
G852	G851
G852	G849
G852	G848
G852	G850
G824	G823
G824	G822
G824	G824
G802	G805
G802	G804
G784	G784
G784	G785
G767	G768
G746	G744
G746	G751
G746	G743
G746	G753
G746	G752
G746	G747
G746	G750
G746	G745
G746	G749
G746	G742
G746	G746
G746	G748
G741	G744
G741	G751
G741	G743
G741	G753
G741	G752
G741	G747
G741	G750
G741	G745
G741	G749
G741	G742
G741	G746
G741	G748
G654	G657
G654	G655
G654	G656
G624	G1284
G624	G1283
G624	G310
G624	G309
G624	G4076
G624	G4077
G624	G4079
G624	G4078
G624	G3790
G624	G3791
G624	G1025
G624	G4006
G611	G607
G611	G614
G611	G613
G611	G608
G611	G611
G611	G609
G611	G610
G611	G612
G567	G568
G554	G557
G554	G556
G554	G555
G554	G554
G498	G506
G498	G500
G498	G516
G498	G517
G498	G514
G498	G501
G498	G504
G498	G508
G498	G515
G498	G505
G498	G507
G498	G509
G498	G513
G498	G503
G498	G512
G498	G499
G498	G511
G498	G510
G492	G490
G492	G491
G492	G492
G428	G410
G428	G408
G428	G409
G422	G423
G422	G419
G422	G421
G422	G420
G422	G417
G422	G422
G422	G418
G406	G404
G406	G406
G406	G405
G399	G401
G399	G400
G399	G401
G399	G399
G383	G1906
G383	G1905
G383	G1904
G383	G840
G383	G1351
G383	G1352
G383	G381
G383	G382
G383	G4261
G369	G372
G369	G370
G369	G371
G353	G352
G353	G351
G327	G324
G327	G325
G327	G326
G277	G279
G277	G278
G271	G4203
G271	G4204
G271	G4205
G271	G270
G271	G271
G251	G251
G251	G253
G251	G247
G251	G250
G251	G248
G251	G249
G251	G252
G246	G244
G246	G243
G238	G236
G238	G237
G238	G239
G238	G239
G238	G238
G182	G181
G182	G182
G182	G183
G170	G166
G170	G171
G170	G170
G170	G169
G170	G167
G170	G168
G165	G164
G165	G163
G165	G161
G165	G162
G155	G1042
G155	G155
G105	G104
G105	G105
G104	G104
G104	G105
G83	G87
G83	G88
G83	G85
G83	G86
G83	G83
G83	G84
G83	G3636
G83	G2983
G83	G2984
G83	G3014
G83	G1436
G83	G2986
G68	G67
G68	G69
G68	G68
G67	G67
G67	G69
G67	G68
G56	G2559
G56	G1402
G56	G1403
G56	G2468
G56	G2471
G56	G2475
G56	G2472
G56	G2474
G56	G2473
G56	G2470
G56	G2469
G56	G380
G56	G379
G56	G378
G56	G1755
G56	G1756
G56	G402
G56	G403
G56	G3252
G56	G1017
G56	G1404
G56	G1405
G56	G1411
G56	G907
G56	G906
G56	G207
G56	G208
G56	G1619
G56	G3126
G56	G2691
G56	G2690
G56	G3486
G56	G3487
G56	G3485
G56	G2529
G56	G2528
G56	G1907
G47	G2332
G47	G2331
G47	G685
G47	G684
G47	G686
G47	G687
G47	G691
G47	G694
G47	G693
G47	G695
G47	G692
G47	G688
G47	G690
G47	G689
G47	G679
G47	G4254
G47	G3888
G47	G2568
G47	G2567
G47	G48
G47	G46
G47	G47
G47	G3385
G47	G3168
G47	G11
G47	G12
G47	G1348
G47	G1560
G37	G3815
G37	G3817
G37	G3818
G37	G3816
G37	G233
G37	G232
G37	G234
G37	G4193
G37	G4194
G37	G658
G37	G660
G37	G661
G37	G659
G37	G1013
G37	G1014
G37	G1012
G37	G1564
G37	G1566
G37	G1563
G37	G1562
G37	G1567
G37	G1565
G37	G2596
G37	G2597
G37	G404
G37	G406
G37	G405
G37	G2261
G37	G2265
G37	G2264
G37	G2262
G37	G2263
G37	G1032
G37	G1031
G37	G4201
G37	G4200
G37	G2276
G37	G2274
G37	G2273
G37	G2275
G37	G1042
G37	G1606
G37	G1607
G37	G1608
G37	G542
G37	G3428
G37	G4212
G37	G4213
G37	G4215
G37	G4214
G37	G1085
G37	G1877
G37	G1671
G37	G1430
G37	G2269
G37	G273
G37	G2658
G37	G1794
G37	G1796
G37	G1786
G37	G1797
G37	G1789
G37	G1798
G37	G1790
G37	G1792
G37	G1795
G37	G1788
G37	G1787
G37	G1793
G37	G1791
G37	G3979
G37	G3373
G37	G791
G37	G790
G37	G4013
G37	G251
G37	G253
G37	G247
G37	G250
G37	G248
G37	G249
G37	G252
G37	G4165
G37	G2599
G37	G2600
G37	G2598
G37	G2723
G37	G37
G37	G3558
G37	G3557
G37	G3559
G37	G205
G37	G4195
G37	G4196
G37	G4197
G37	G728
G37	G727
G37	G3973
G37	G3972
G37	G3971
G37	G3974
G37	G3970
G37	G3969
G37	G3690
G37	G3689
G37	G3055
G37	G607
G37	G614
G37	G613
G37	G608
G37	G611
G37	G609
G37	G610
G37	G612
G37	G973
G37	G792
G37	G2382
G37	G2383
G37	G2381
G37	G3938
G37	G3942
G37	G3935
G37	G3934
G37	G3940
G37	G3941
G37	G3937
G37	G3939
G37	G3936
G37	G1099
G37	G2409
G37	G2408
G37	G1919
G37	G1921
G37	G1923
G37	G1920
G37	G1922
G37	G2655
G37	G1495
G37	G3688
G37	G4195
G37	G4196
G37	G4198
G37	G4197
G37	G4199
G37	G1073
G37	G2728
G37	G2729
G37	G1505
G37	G1508
G37	G1506
G37	G1507
G37	G1992
G37	G1991
G37	G49
G37	G4211
G37	G4210
G37	G1801
G37	G1800
G37	G2478
G37	G2477
G37	G2476
G37	G281
G37	G2270
G37	G2271
G37	G2005
G37	G2601
G37	G1494
G37	G1493
G37	G2023
G37	G3509
G37	G3508
G37	G3510
G37	G204
G37	G2089
G37	G1544
G37	G1252
G37	G3523
G37	G3620
G37	G3619
G37	G3293
G37	G3292
G37	G3786
G37	G3781
G37	G3784
G37	G3782
G37	G3783
G37	G3785
G37	G3561
G37	G3560
G37	G100
G37	G99
G37	G98
G37	G174
G37	G175
G37	G664
G37	G2478
G37	G2477
G37	G2476
G37	G2479
G37	G971
G37	G972
G37	G2726
G37	G2725
G37	G1262
G37	G3978
G37	G3976
G37	G3977
G37	G4223
G37	G4225
G37	G4222
G37	G4226
G37	G4224
G37	G3839
G37	G3371
G37	G3369
G37	G3372
G37	G3368
G37	G3370
G37	G3367
G37	G529
G37	G4082
G37	G540
G37	G3605
G37	G3615
G37	G3606
G37	G3609
G37	G3604
G37	G3614
G37	G3616
G37	G3608
G37	G3610
G37	G3617
G37	G3611
G37	G3612
G37	G3607
G37	G3613
G37	G3618
G37	G308
G37	G3980
G37	G194
G37	G197
G37	G195
G37	G196
G37	G192
G37	G198
G37	G193
G37	G3276
G37	G1902
G37	G1903
G37	G1972
G37	G2842
G37	G2044
G37	G1467
G37	G3620
G37	G152
G37	G517
G37	G707
G37	G817
G37	G1242
G37	G1257
G37	G1549
G37	G1568
G37	G1851
G37	G2019
G37	G2250
G37	G2168
G37	G2152
G37	G2765
G37	G2832
G37	G2877
G37	G3494
G37	G816
G37	G817
G37	G815
G37	G4035
G37	G4036
G37	G3668
G37	G3667
G37	G3666
G37	G1639
G1	G4276
G1	G4280
G1	G4279
G1	G4277
G1	G4278
G1	G2261
G1	G2265
G1	G2264
G1	G2262
G1	G2263
G1	G4201
G1	G4200
G1	G4318
G1	G4321
G1	G4320
G1	G4319
G1	G4007
G1	G2708
G1	G4008
G1	G4007
G1	G4009
G1	G3893
G1	G4231
G1737	G3674
G1737	G3671
G1737	G3675
G1737	G3669
G1737	G3673
G1737	G3670
G1737	G3672
G1737	G3676
G1737	G930
G1737	G3331
G1737	G1376
G1737	G1375
G1737	G1164
G1737	G1169
G1737	G1167
G1737	G1163
G1737	G1168
G1737	G1166
G1737	G1165
G1737	G3112
G1737	G3113
G1737	G3432
G1737	G3429
G1737	G3433
G1737	G3434
G1737	G3431
G1737	G3435
G1737	G1066
G1737	G2532
G1737	G2531
G1737	G2533
G1737	G2068
G1737	G3565
G1737	G3562
G1737	G3564
G1737	G3563
