#ID	Name
G1	BSU_00010
G2	BSU_00020
G3	BSU_00030
G4	BSU_00040
G5	BSU_00050
G6	BSU_00060
G7	BSU_00070
G8	BSU_00080
G9	BSU_00090
G10	BSU_00100
G11	BSU_00110
G12	BSU_00120
G13	BSU_00130
G14	BSU_00140
G15	BSU_00150
G16	BSU_00160
G17	BSU_00170
G18	BSU_00180
G19	BSU_00190
G20	BSU_00200
G21	BSU_00210
G22	BSU_00220
G23	BSU_00230
G24	BSU_00240
G25	BSU_00250
G26	BSU_00260
G27	BSU_00270
G28	BSU_00280
G29	BSU_00290
G30	BSU_00300
G31	BSU_00310
G32	BSU_00320
G33	BSU_00330
G34	BSU_00340
G35	BSU_00350
G36	BSU_00360
G37	BSU_00370
G38	BSU_00380
G39	BSU_00390
G40	BSU_00400
G41	BSU_00410
G42	BSU_00420
G43	BSU_00430
G44	BSU_00440
G45	BSU_00450
G46	BSU_00460
G47	BSU_00470
G48	BSU_00480
G49	BSU_00490
G50	BSU_00500
G51	BSU_00510
G52	BSU_00520
G53	BSU_00530
G54	BSU_00540
G55	BSU_00550
G56	BSU_00560
G57	BSU_00570
G58	BSU_00580
G59	BSU_00590
G60	BSU_00600
G61	BSU_00610
G62	BSU_00620
G63	BSU_00630
G64	BSU_00640
G65	BSU_00650
G66	BSU_00660
G67	BSU_00670
G68	BSU_00680
G69	BSU_00690
G70	BSU_00700
G71	BSU_00710
G72	BSU_00720
G73	BSU_00730
G74	BSU_00740
G75	BSU_00750
G76	BSU_00760
G77	BSU_00770
G78	BSU_00780
G79	BSU_00790
G80	BSU_00800
G81	BSU_00810
G82	BSU_00820
G83	BSU_00830
G84	BSU_00840
G85	BSU_00850
G86	BSU_00860
G87	BSU_00870
G88	BSU_00880
G89	BSU_00890
G90	BSU_00900
G91	BSU_00910
G92	BSU_00920
G93	BSU_00930
G94	BSU_00940
G95	BSU_00950
G96	BSU_00960
G97	BSU_00970
G98	BSU_00980
G99	BSU_00990
G100	BSU_01000
G101	BSU_01010
G102	BSU_01020
G103	BSU_01030
G104	BSU_01040
G105	BSU_01050
G106	BSU_01060
G107	BSU_01070
G108	BSU_01080
G109	BSU_01090
G110	BSU_01100
G111	BSU_01110
G112	BSU_01120
G113	BSU_01130
G114	BSU_01140
G115	BSU_01150
G116	BSU_01160
G117	BSU_01170
G118	BSU_01180
G119	BSU_01190
G120	BSU_01200
G121	BSU_01210
G122	BSU_01220
G123	BSU_01230
G124	BSU_01240
G125	BSU_01250
G126	BSU_01260
G127	BSU_01270
G128	BSU_01280
G129	BSU_01290
G130	BSU_01300
G131	BSU_01310
G132	BSU_01320
G133	BSU_01330
G134	BSU_01340
G135	BSU_01350
G136	BSU_01360
G137	BSU_01370
G138	BSU_01380
G139	BSU_01389
G140	BSU_01390
G141	BSU_01400
G142	BSU_01410
G143	BSU_01420
G144	BSU_01430
G145	BSU_01440
G146	BSU_01450
G147	BSU_01460
G148	BSU_01470
G149	BSU_01480
G150	BSU_01490
G151	BSU_01500
G152	BSU_01510
G153	BSU_01520
G154	BSU_01530
G155	BSU_01540
G156	BSU_01550
G157	BSU_01560
G158	BSU_01570
G159	BSU_01580
G160	BSU_01590
G161	BSU_01600
G162	BSU_01610
G163	BSU_01620
G164	BSU_01630
G165	BSU_01640
G166	BSU_01650
G167	BSU_01660
G168	BSU_01670
G169	BSU_01680
G170	BSU_01690
G171	BSU_01700
G172	BSU_01710
G173	BSU_01720
G174	BSU_01730
G175	BSU_01740
G176	BSU_01750
G177	BSU_01760
G178	BSU_01770
G179	BSU_01780
G180	BSU_01790
G181	BSU_01800
G182	BSU_01810
G183	BSU_01820
G184	BSU_01830
G185	BSU_01845
G186	BSU_01860
G187	BSU_01870
G188	BSU_01880
G189	BSU_01889
G190	BSU_01890
G191	BSU_01900
G192	BSU_01910
G193	BSU_01920
G194	BSU_01935
G195	BSU_01950
G196	BSU_01960
G197	BSU_01970
G198	BSU_01980
G199	BSU_01990
G200	BSU_02000
G201	BSU_02010
G202	BSU_02019
G203	BSU_02030
G204	BSU_02040
G205	BSU_02050
G206	BSU_02060
G207	BSU_02070
G208	BSU_02080
G209	BSU_02090
G210	BSU_02100
G211	BSU_02110
G212	BSU_02120
G213	BSU_02130
G214	BSU_02140
G215	BSU_02150
G216	BSU_02160
G217	BSU_02170
G218	BSU_02180
G219	BSU_02181
G220	BSU_02190
G221	BSU_02200
G222	BSU_02210
G223	BSU_02220
G224	BSU_02230
G225	BSU_02240
G226	BSU_02250
G227	BSU_02260
G228	BSU_02270
G229	BSU_02280
G230	BSU_02290
G231	BSU_02300
G232	BSU_02310
G233	BSU_02320
G234	BSU_02330
G235	BSU_02340
G236	BSU_02350
G237	BSU_02360
G238	BSU_02370
G239	BSU_02380
G240	BSU_02390
G241	BSU_02400
G242	BSU_02410
G243	BSU_02420
G244	BSU_02430
G245	BSU_02440
G246	BSU_02450
G247	BSU_02460
G248	BSU_02470
G249	BSU_02480
G250	BSU_02490
G251	BSU_02500
G252	BSU_02510
G253	BSU_02520
G254	BSU_02530
G255	BSU_02540
G256	BSU_02550
G257	BSU_02560
G258	BSU_02570
G259	BSU_02580
G260	BSU_02585
G261	BSU_02590
G262	BSU_02600
G263	BSU_02610
G264	BSU_02619
G265	BSU_02620
G266	BSU_02630
G267	BSU_02640
G268	BSU_02650
G269	BSU_02660
G270	BSU_02670
G271	BSU_02680
G272	BSU_02690
G273	BSU_02700
G274	BSU_02710
G275	BSU_02720
G276	BSU_02730
G277	BSU_02740
G278	BSU_02750
G279	BSU_02760
G280	BSU_02770
G281	BSU_02780
G282	BSU_02785
G283	BSU_02790
G284	BSU_02800
G285	BSU_02810
G286	BSU_02820
G287	BSU_02830
G288	BSU_02840
G289	BSU_02850
G290	BSU_02860
G291	BSU_02870
G292	BSU_02880
G293	BSU_02890
G294	BSU_02900
G295	BSU_02910
G296	BSU_02920
G297	BSU_02930
G298	BSU_02940
G299	BSU_02950
G300	BSU_02960
G301	BSU_02970
G302	BSU_02980
G303	BSU_02990
G304	BSU_03000
G305	BSU_03010
G306	BSU_03020
G307	BSU_03030
G308	BSU_03040
G309	BSU_03050
G310	BSU_03060
G311	BSU_03070
G312	BSU_03080
G313	BSU_03090
G314	BSU_03100
G315	BSU_03110
G316	BSU_03120
G317	BSU_03130
G318	BSU_03140
G319	BSU_03150
G320	BSU_03160
G321	BSU_03170
G322	BSU_03180
G323	BSU_03190
G324	BSU_03200
G325	BSU_03210
G326	BSU_03220
G327	BSU_03230
G328	BSU_03240
G329	BSU_03250
G330	BSU_03260
G331	BSU_03270
G332	BSU_03280
G333	BSU_03290
G334	BSU_03300
G335	BSU_03310
G336	BSU_03320
G337	BSU_03330
G338	BSU_03340
G339	BSU_03350
G340	BSU_03359
G341	BSU_03360
G342	BSU_03370
G343	BSU_03380
G344	BSU_03385
G345	BSU_03390
G346	BSU_03400
G347	BSU_03410
G348	BSU_03420
G349	BSU_03430
G350	BSU_03440
G351	BSU_03450
G352	BSU_03460
G353	BSU_03470
G354	BSU_03480
G355	BSU_03490
G356	BSU_03500
G357	BSU_03510
G358	BSU_03520
G359	BSU_03530
G360	BSU_03540
G361	BSU_03550
G362	BSU_03560
G363	BSU_03569
G364	BSU_03570
G365	BSU_03580
G366	BSU_03590
G367	BSU_03600
G368	BSU_03610
G369	BSU_03620
G370	BSU_03630
G371	BSU_03640
G372	BSU_03651
G373	BSU_03652
G374	BSU_03660
G375	BSU_03670
G376	BSU_03680
G377	BSU_03690
G378	BSU_03700
G379	BSU_03710
G380	BSU_03720
G381	BSU_03730
G382	BSU_03740
G383	BSU_03750
G384	BSU_03760
G385	BSU_03770
G386	BSU_03780
G387	BSU_03788
G388	BSU_03789
G389	BSU_03790
G390	BSU_03800
G391	BSU_03810
G392	BSU_03820
G393	BSU_03830
G394	BSU_03840
G395	BSU_03850
G396	BSU_03860
G397	BSU_03870
G398	BSU_03880
G399	BSU_03890
G400	BSU_03900
G401	BSU_03910
G402	BSU_03920
G403	BSU_03930
G404	BSU_03940
G405	BSU_03950
G406	BSU_03960
G407	BSU_03970
G408	BSU_03981
G409	BSU_03982
G410	BSU_03990
G411	BSU_04000
G412	BSU_04010
G413	BSU_04020
G414	BSU_04030
G415	BSU_04039
G416	BSU_04040
G417	BSU_04050
G418	BSU_04060
G419	BSU_04070
G420	BSU_04080
G421	BSU_04090
G422	BSU_04100
G423	BSU_04110
G424	BSU_04120
G425	BSU_04130
G426	BSU_04140
G427	BSU_04150
G428	BSU_04160
G429	BSU_04170
G430	BSU_04180
G431	BSU_04190
G432	BSU_04200
G433	BSU_04210
G434	BSU_04220
G435	BSU_04230
G436	BSU_04240
G437	BSU_04250
G438	BSU_04260
G439	BSU_04270
G440	BSU_04280
G441	BSU_04290
G442	BSU_04300
G443	BSU_04310
G444	BSU_04320
G445	BSU_04330
G446	BSU_04340
G447	BSU_04345
G448	BSU_04359
G449	BSU_04360
G450	BSU_04370
G451	BSU_04380
G452	BSU_04390
G453	BSU_04400
G454	BSU_04410
G455	BSU_04420
G456	BSU_04430
G457	BSU_04440
G458	BSU_04450
G459	BSU_04460
G460	BSU_04470
G461	BSU_04480
G462	BSU_04490
G463	BSU_04500
G464	BSU_04510
G465	BSU_04520
G466	BSU_04530
G467	BSU_04536
G468	BSU_04540
G469	BSU_04550
G470	BSU_04560
G471	BSU_04570
G472	BSU_04580
G473	BSU_04590
G474	BSU_04600
G475	BSU_04610
G476	BSU_04620
G477	BSU_04630
G478	BSU_04640
G479	BSU_04650
G480	BSU_04660
G481	BSU_04670
G482	BSU_04680
G483	BSU_04690
G484	BSU_04700
G485	BSU_04710
G486	BSU_04720
G487	BSU_04730
G488	BSU_04740
G489	BSU_04745
G490	BSU_04750
G491	BSU_04760
G492	BSU_04770
G493	BSU_04780
G494	BSU_04785
G495	BSU_04790
G496	BSU_04800
G497	BSU_04810
G498	BSU_04820
G499	BSU_04830
G500	BSU_04839
G501	BSU_04840
G502	BSU_04849
G503	BSU_04850
G504	BSU_04860
G505	BSU_04870
G506	BSU_04880
G507	BSU_04890
G508	BSU_04900
G509	BSU_04910
G510	BSU_04920
G511	BSU_04930
G512	BSU_04940
G513	BSU_04950
G514	BSU_04960
G515	BSU_04970
G516	BSU_04980
G517	BSU_04990
G518	BSU_05000
G519	BSU_05010
G520	BSU_05020
G521	BSU_05030
G522	BSU_05040
G523	BSU_05050
G524	BSU_05060
G525	BSU_05070
G526	BSU_05080
G527	BSU_05090
G528	BSU_05099
G529	BSU_05100
G530	BSU_05109
G531	BSU_05110
G532	BSU_05120
G533	BSU_05130
G534	BSU_05140
G535	BSU_05150
G536	BSU_05160
G537	BSU_05170
G538	BSU_05180
G539	BSU_05190
G540	BSU_05200
G541	BSU_05210
G542	BSU_05220
G543	BSU_05230
G544	BSU_05240
G545	BSU_05250
G546	BSU_05260
G547	BSU_05270
G548	BSU_05280
G549	BSU_05290
G550	BSU_05300
G551	BSU_05310
G552	BSU_05320
G553	BSU_05329
G554	BSU_05330
G555	BSU_05340
G556	BSU_05343
G557	BSU_05344
G558	BSU_05350
G559	BSU_05360
G560	BSU_05370
G561	BSU_05380
G562	BSU_05390
G563	BSU_05400
G564	BSU_05408
G565	BSU_05409
G566	BSU_05410
G567	BSU_05420
G568	BSU_05430
G569	BSU_05440
G570	BSU_05450
G571	BSU_05460
G572	BSU_05470
G573	BSU_05480
G574	BSU_05490
G575	BSU_05500
G576	BSU_05510
G577	BSU_05520
G578	BSU_05529
G579	BSU_05530
G580	BSU_05540
G581	BSU_05550
G582	BSU_05560
G583	BSU_05570
G584	BSU_05580
G585	BSU_05590
G586	BSU_05600
G587	BSU_05610
G588	BSU_05620
G589	BSU_05630
G590	BSU_05640
G591	BSU_05650
G592	BSU_05660
G593	BSU_05670
G594	BSU_05680
G595	BSU_05690
G596	BSU_05700
G597	BSU_05710
G598	BSU_05720
G599	BSU_05730
G600	BSU_05740
G601	BSU_05750
G602	BSU_05760
G603	BSU_05770
G604	BSU_05780
G605	BSU_05790
G606	BSU_05800
G607	BSU_05810
G608	BSU_05820
G609	BSU_05830
G610	BSU_05840
G611	BSU_05850
G612	BSU_05860
G613	BSU_05870
G614	BSU_05880
G615	BSU_05890
G616	BSU_05899
G617	BSU_05900
G618	BSU_05910
G619	BSU_05920
G620	BSU_05930
G621	BSU_05940
G622	BSU_05950
G623	BSU_05960
G624	BSU_05970
G625	BSU_05980
G626	BSU_05990
G627	BSU_06000
G628	BSU_06010
G629	BSU_06020
G630	BSU_06030
G631	BSU_06033
G632	BSU_06034
G633	BSU_06036
G634	BSU_06037
G635	BSU_06038
G636	BSU_06040
G637	BSU_06048
G638	BSU_06049
G639	BSU_06050
G640	BSU_06060
G641	BSU_06070
G642	BSU_06073
G643	BSU_06074
G644	BSU_06076
G645	BSU_06077
G646	BSU_06078
G647	BSU_06079
G648	BSU_06083
G649	BSU_06090
G650	BSU_06100
G651	BSU_06110
G652	BSU_06120
G653	BSU_06130
G654	BSU_06140
G655	BSU_06150
G656	BSU_06160
G657	BSU_06170
G658	BSU_06180
G659	BSU_06190
G660	BSU_06200
G661	BSU_06210
G662	BSU_06220
G663	BSU_06230
G664	BSU_06240
G665	BSU_06250
G666	BSU_06260
G667	BSU_06269
G668	BSU_06270
G669	BSU_06280
G670	BSU_06290
G671	BSU_06300
G672	BSU_06310
G673	BSU_06319
G674	BSU_06320
G675	BSU_06330
G676	BSU_06340
G677	BSU_06350
G678	BSU_06360
G679	BSU_06370
G680	BSU_06380
G681	BSU_06390
G682	BSU_06400
G683	BSU_06410
G684	BSU_06420
G685	BSU_06430
G686	BSU_06440
G687	BSU_06450
G688	BSU_06460
G689	BSU_06470
G690	BSU_06480
G691	BSU_06490
G692	BSU_06500
G693	BSU_06510
G694	BSU_06520
G695	BSU_06530
G696	BSU_06540
G697	BSU_06550
G698	BSU_06559
G699	BSU_06560
G700	BSU_06570
G701	BSU_06580
G702	BSU_06590
G703	BSU_06600
G704	BSU_06610
G705	BSU_06620
G706	BSU_06630
G707	BSU_06640
G708	BSU_06650
G709	BSU_06660
G710	BSU_06670
G711	BSU_06680
G712	BSU_06690
G713	BSU_06700
G714	BSU_06710
G715	BSU_06720
G716	BSU_06730
G717	BSU_06740
G718	BSU_06750
G719	BSU_06760
G720	BSU_06770
G721	BSU_06780
G722	BSU_06790
G723	BSU_06800
G724	BSU_06811
G725	BSU_06812
G726	BSU_06820
G727	BSU_06830
G728	BSU_06839
G729	BSU_06840
G730	BSU_06850
G731	BSU_06860
G732	BSU_06870
G733	BSU_06880
G734	BSU_06890
G735	BSU_06900
G736	BSU_06910
G737	BSU_06920
G738	BSU_06930
G739	BSU_06940
G740	BSU_06950
G741	BSU_06960
G742	BSU_06970
G743	BSU_06980
G744	BSU_06990
G745	BSU_07000
G746	BSU_07010
G747	BSU_07020
G748	BSU_07030
G749	BSU_07040
G750	BSU_07050
G751	BSU_07060
G752	BSU_07070
G753	BSU_07080
G754	BSU_07090
G755	BSU_07100
G756	BSU_07110
G757	BSU_07120
G758	BSU_07130
G759	BSU_07140
G760	BSU_07150
G761	BSU_07160
G762	BSU_07170
G763	BSU_07180
G764	BSU_07190
G765	BSU_07200
G766	BSU_07210
G767	BSU_07220
G768	BSU_07230
G769	BSU_07240
G770	BSU_07250
G771	BSU_07260
G772	BSU_07270
G773	BSU_07280
G774	BSU_07290
G775	BSU_07300
G776	BSU_07310
G777	BSU_07320
G778	BSU_07330
G779	BSU_07340
G780	BSU_07350
G781	BSU_07360
G782	BSU_07370
G783	BSU_07380
G784	BSU_07390
G785	BSU_07400
G786	BSU_07410
G787	BSU_07420
G788	BSU_07430
G789	BSU_07440
G790	BSU_07450
G791	BSU_07460
G792	BSU_07480
G793	BSU_07490
G794	BSU_07500
G795	BSU_07510
G796	BSU_07520
G797	BSU_07530
G798	BSU_07550
G799	BSU_07560
G800	BSU_07570
G801	BSU_07580
G802	BSU_07590
G803	BSU_07600
G804	BSU_07610
G805	BSU_07620
G806	BSU_07630
G807	BSU_07640
G808	BSU_07650
G809	BSU_07660
G810	BSU_07670
G811	BSU_07680
G812	BSU_07690
G813	BSU_07700
G814	BSU_07710
G815	BSU_07720
G816	BSU_07735
G817	BSU_07750
G818	BSU_07760
G819	BSU_07770
G820	BSU_07780
G821	BSU_07790
G822	BSU_07800
G823	BSU_07810
G824	BSU_07820
G825	BSU_07830
G826	BSU_07840
G827	BSU_07850
G828	BSU_07860
G829	BSU_07870
G830	BSU_07880
G831	BSU_07890
G832	BSU_07900
G833	BSU_07910
G834	BSU_07920
G835	BSU_07930
G836	BSU_07940
G837	BSU_07955
G838	BSU_07970
G839	BSU_07980
G840	BSU_07990
G841	BSU_08000
G842	BSU_08010
G843	BSU_08020
G844	BSU_08029
G845	BSU_08030
G846	BSU_08040
G847	BSU_08050
G848	BSU_08060
G849	BSU_08070
G850	BSU_08080
G851	BSU_08090
G852	BSU_08100
G853	BSU_08110
G854	BSU_08120
G855	BSU_08130
G856	BSU_08140
G857	BSU_08150
G858	BSU_08160
G859	BSU_08170
G860	BSU_08180
G861	BSU_08190
G862	BSU_08200
G863	BSU_08210
G864	BSU_08220
G865	BSU_08230
G866	BSU_08240
G867	BSU_08250
G868	BSU_08260
G869	BSU_08270
G870	BSU_08280
G871	BSU_08290
G872	BSU_08300
G873	BSU_08310
G874	BSU_08320
G875	BSU_08330
G876	BSU_08340
G877	BSU_08350
G878	BSU_08360
G879	BSU_08370
G880	BSU_08380
G881	BSU_08390
G882	BSU_08400
G883	BSU_08410
G884	BSU_08425
G885	BSU_08440
G886	BSU_08450
G887	BSU_08460
G888	BSU_08470
G889	BSU_08480
G890	BSU_08490
G891	BSU_08500
G892	BSU_08510
G893	BSU_08520
G894	BSU_08530
G895	BSU_08540
G896	BSU_08550
G897	BSU_08560
G898	BSU_08570
G899	BSU_08580
G900	BSU_08590
G901	BSU_08600
G902	BSU_08610
G903	BSU_08620
G904	BSU_08630
G905	BSU_08640
G906	BSU_08650
G907	BSU_08660
G908	BSU_08670
G909	BSU_08680
G910	BSU_08690
G911	BSU_08700
G912	BSU_08710
G913	BSU_08720
G914	BSU_08730
G915	BSU_08740
G916	BSU_08750
G917	BSU_08760
G918	BSU_08770
G919	BSU_08779
G920	BSU_08780
G921	BSU_08790
G922	BSU_08800
G923	BSU_08810
G924	BSU_08820
G925	BSU_08830
G926	BSU_08840
G927	BSU_08850
G928	BSU_08860
G929	BSU_08870
G930	BSU_08880
G931	BSU_08890
G932	BSU_08899
G933	BSU_08900
G934	BSU_08910
G935	BSU_08920
G936	BSU_08930
G937	BSU_08940
G938	BSU_08950
G939	BSU_08960
G940	BSU_08970
G941	BSU_08980
G942	BSU_08990
G943	BSU_09000
G944	BSU_09010
G945	BSU_09020
G946	BSU_09030
G947	BSU_09040
G948	BSU_09050
G949	BSU_09060
G950	BSU_09070
G951	BSU_09080
G952	BSU_09090
G953	BSU_09100
G954	BSU_09110
G955	BSU_09120
G956	BSU_09130
G957	BSU_09140
G958	BSU_09150
G959	BSU_09165
G960	BSU_09180
G961	BSU_09190
G962	BSU_09200
G963	BSU_09210
G964	BSU_09220
G965	BSU_09230
G966	BSU_09240
G967	BSU_09250
G968	BSU_09259
G969	BSU_09260
G970	BSU_09270
G971	BSU_09280
G972	BSU_09290
G973	BSU_09300
G974	BSU_09310
G975	BSU_09320
G976	BSU_09330
G977	BSU_09340
G978	BSU_09350
G979	BSU_09360
G980	BSU_09370
G981	BSU_09380
G982	BSU_09390
G983	BSU_09400
G984	BSU_09410
G985	BSU_09420
G986	BSU_09430
G987	BSU_09440
G988	BSU_09450
G989	BSU_09460
G990	BSU_09470
G991	BSU_09480
G992	BSU_09490
G993	BSU_09500
G994	BSU_09510
G995	BSU_09520
G996	BSU_09530
G997	BSU_09540
G998	BSU_09550
G999	BSU_09560
G1000	BSU_09570
G1001	BSU_09590
G1002	BSU_09600
G1003	BSU_09610
G1004	BSU_09620
G1005	BSU_09630
G1006	BSU_09640
G1007	BSU_09650
G1008	BSU_09660
G1009	BSU_09670
G1010	BSU_09680
G1011	BSU_09690
G1012	BSU_09700
G1013	BSU_09710
G1014	BSU_09720
G1015	BSU_09730
G1016	BSU_09740
G1017	BSU_09750
G1018	BSU_09760
G1019	BSU_09770
G1020	BSU_09780
G1021	BSU_09790
G1022	BSU_09800
G1023	BSU_09810
G1024	BSU_09830
G1025	BSU_09840
G1026	BSU_09850
G1027	BSU_09860
G1028	BSU_09870
G1029	BSU_09880
G1030	BSU_09889
G1031	BSU_09890
G1032	BSU_09900
G1033	BSU_09910
G1034	BSU_09920
G1035	BSU_09930
G1036	BSU_09940
G1037	BSU_09950
G1038	BSU_09958
G1039	BSU_09959
G1040	BSU_09965
G1041	BSU_09980
G1042	BSU_09990
G1043	BSU_10000
G1044	BSU_10009
G1045	BSU_10010
G1046	BSU_10020
G1047	BSU_10030
G1048	BSU_10040
G1049	BSU_10050
G1050	BSU_10060
G1051	BSU_10070
G1052	BSU_10080
G1053	BSU_10090
G1054	BSU_10100
G1055	BSU_10110
G1056	BSU_10120
G1057	BSU_10130
G1058	BSU_10140
G1059	BSU_10150
G1060	BSU_10160
G1061	BSU_10170
G1062	BSU_10180
G1063	BSU_10200
G1064	BSU_10210
G1065	BSU_10220
G1066	BSU_10230
G1067	BSU_10240
G1068	BSU_10250
G1069	BSU_10260
G1070	BSU_10270
G1071	BSU_10280
G1072	BSU_10290
G1073	BSU_10300
G1074	BSU_10310
G1075	BSU_10320
G1076	BSU_10330
G1077	BSU_10340
G1078	BSU_10350
G1079	BSU_10360
G1080	BSU_10370
G1081	BSU_10380
G1082	BSU_10390
G1083	BSU_10400
G1084	BSU_10410
G1085	BSU_10420
G1086	BSU_10430
G1087	BSU_10440
G1088	BSU_10450
G1089	BSU_10460
G1090	BSU_10470
G1091	BSU_10480
G1092	BSU_10490
G1093	BSU_10500
G1094	BSU_10510
G1095	BSU_10520
G1096	BSU_10530
G1097	BSU_10540
G1098	BSU_10550
G1099	BSU_10560
G1100	BSU_10570
G1101	BSU_10580
G1102	BSU_10590
G1103	BSU_10600
G1104	BSU_10610
G1105	BSU_10620
G1106	BSU_10630
G1107	BSU_10640
G1108	BSU_10650
G1109	BSU_10660
G1110	BSU_10670
G1111	BSU_10680
G1112	BSU_10690
G1113	BSU_10700
G1114	BSU_10710
G1115	BSU_10720
G1116	BSU_10730
G1117	BSU_10740
G1118	BSU_10750
G1119	BSU_10760
G1120	BSU_10770
G1121	BSU_10780
G1122	BSU_10790
G1123	BSU_10800
G1124	BSU_10810
G1125	BSU_10820
G1126	BSU_10830
G1127	BSU_10840
G1128	BSU_10850
G1129	BSU_10860
G1130	BSU_10870
G1131	BSU_10880
G1132	BSU_10890
G1133	BSU_10900
G1134	BSU_10910
G1135	BSU_10920
G1136	BSU_10930
G1137	BSU_10940
G1138	BSU_10950
G1139	BSU_10960
G1140	BSU_10970
G1141	BSU_10980
G1142	BSU_10990
G1143	BSU_11000
G1144	BSU_11010
G1145	BSU_11020
G1146	BSU_11030
G1147	BSU_11040
G1148	BSU_11055
G1149	BSU_11070
G1150	BSU_11079
G1151	BSU_11080
G1152	BSU_11090
G1153	BSU_11100
G1154	BSU_11110
G1155	BSU_11120
G1156	BSU_11130
G1157	BSU_11139
G1158	BSU_11140
G1159	BSU_11150
G1160	BSU_11160
G1161	BSU_11170
G1162	BSU_11180
G1163	BSU_11190
G1164	BSU_11200
G1165	BSU_11210
G1166	BSU_11220
G1167	BSU_11230
G1168	BSU_11240
G1169	BSU_11250
G1170	BSU_11260
G1171	BSU_11270
G1172	BSU_11280
G1173	BSU_11290
G1174	BSU_11300
G1175	BSU_11310
G1176	BSU_11320
G1177	BSU_11330
G1178	BSU_11340
G1179	BSU_11350
G1180	BSU_11360
G1181	BSU_11370
G1182	BSU_11381
G1183	BSU_11382
G1184	BSU_11390
G1185	BSU_11400
G1186	BSU_11410
G1187	BSU_11420
G1188	BSU_11430
G1189	BSU_11440
G1190	BSU_11450
G1191	BSU_11460
G1192	BSU_11470
G1193	BSU_11480
G1194	BSU_11490
G1195	BSU_11500
G1196	BSU_11510
G1197	BSU_11515
G1198	BSU_11520
G1199	BSU_11525
G1200	BSU_11530
G1201	BSU_11540
G1202	BSU_11549
G1203	BSU_11550
G1204	BSU_11560
G1205	BSU_11570
G1206	BSU_11580
G1207	BSU_11590
G1208	BSU_11600
G1209	BSU_11610
G1210	BSU_11620
G1211	BSU_11630
G1212	BSU_11640
G1213	BSU_11650
G1214	BSU_11660
G1215	BSU_11670
G1216	BSU_11680
G1217	BSU_11690
G1218	BSU_11700
G1219	BSU_11710
G1220	BSU_11720
G1221	BSU_11730
G1222	BSU_11740
G1223	BSU_11750
G1224	BSU_11760
G1225	BSU_11770
G1226	BSU_11780
G1227	BSU_11790
G1228	BSU_11798
G1229	BSU_11799
G1230	BSU_11800
G1231	BSU_11809
G1232	BSU_11810
G1233	BSU_11820
G1234	BSU_11839
G1235	BSU_11840
G1236	BSU_11850
G1237	BSU_11860
G1238	BSU_11870
G1239	BSU_11880
G1240	BSU_11890
G1241	BSU_11900
G1242	BSU_11910
G1243	BSU_11920
G1244	BSU_11928
G1245	BSU_11929
G1246	BSU_11930
G1247	BSU_11940
G1248	BSU_11950
G1249	BSU_11960
G1250	BSU_11970
G1251	BSU_11980
G1252	BSU_11990
G1253	BSU_12000
G1254	BSU_12010
G1255	BSU_12020
G1256	BSU_12030
G1257	BSU_12040
G1258	BSU_12050
G1259	BSU_12060
G1260	BSU_12069
G1261	BSU_12070
G1262	BSU_12080
G1263	BSU_12090
G1264	BSU_12100
G1265	BSU_12110
G1266	BSU_12120
G1267	BSU_12130
G1268	BSU_12140
G1269	BSU_12150
G1270	BSU_12160
G1271	BSU_12170
G1272	BSU_12180
G1273	BSU_12190
G1274	BSU_12200
G1275	BSU_12210
G1276	BSU_12220
G1277	BSU_12229
G1278	BSU_12230
G1279	BSU_12240
G1280	BSU_12250
G1281	BSU_12260
G1282	BSU_12270
G1283	BSU_12280
G1284	BSU_12290
G1285	BSU_12300
G1286	BSU_12310
G1287	BSU_12320
G1288	BSU_12330
G1289	BSU_12340
G1290	BSU_12350
G1291	BSU_12360
G1292	BSU_12370
G1293	BSU_12380
G1294	BSU_12390
G1295	BSU_12400
G1296	BSU_12410
G1297	BSU_12420
G1298	BSU_12430
G1299	BSU_12440
G1300	BSU_12450
G1301	BSU_12460
G1302	BSU_12470
G1303	BSU_12480
G1304	BSU_12490
G1305	BSU_12500
G1306	BSU_12510
G1307	BSU_12519
G1308	BSU_12520
G1309	BSU_12530
G1310	BSU_12539
G1311	BSU_12540
G1312	BSU_12550
G1313	BSU_12560
G1314	BSU_12570
G1315	BSU_12580
G1316	BSU_12590
G1317	BSU_12600
G1318	BSU_12610
G1319	BSU_12619
G1320	BSU_12620
G1321	BSU_12630
G1322	BSU_12640
G1323	BSU_12649
G1324	BSU_12650
G1325	BSU_12660
G1326	BSU_12671
G1327	BSU_12672
G1328	BSU_12680
G1329	BSU_12690
G1330	BSU_12700
G1331	BSU_12710
G1332	BSU_12720
G1333	BSU_12730
G1334	BSU_12740
G1335	BSU_12749
G1336	BSU_12750
G1337	BSU_12760
G1338	BSU_12770
G1339	BSU_12780
G1340	BSU_12790
G1341	BSU_12800
G1342	BSU_12810
G1343	BSU_12815
G1344	BSU_12820
G1345	BSU_12830
G1346	BSU_12840
G1347	BSU_12850
G1348	BSU_12860
G1349	BSU_12870
G1350	BSU_12875
G1351	BSU_12880
G1352	BSU_12890
G1353	BSU_12900
G1354	BSU_12910
G1355	BSU_12920
G1356	BSU_12930
G1357	BSU_12940
G1358	BSU_12950
G1359	BSU_12960
G1360	BSU_12970
G1361	BSU_12980
G1362	BSU_12990
G1363	BSU_13000
G1364	BSU_13010
G1365	BSU_13020
G1366	BSU_13030
G1367	BSU_13040
G1368	BSU_13050
G1369	BSU_13060
G1370	BSU_13070
G1371	BSU_13080
G1372	BSU_13090
G1373	BSU_13100
G1374	BSU_13110
G1375	BSU_13120
G1376	BSU_13130
G1377	BSU_13140
G1378	BSU_13150
G1379	BSU_13160
G1380	BSU_13169
G1381	BSU_13170
G1382	BSU_13180
G1383	BSU_13190
G1384	BSU_13200
G1385	BSU_13210
G1386	BSU_13220
G1387	BSU_13230
G1388	BSU_13240
G1389	BSU_13250
G1390	BSU_13260
G1391	BSU_13270
G1392	BSU_13280
G1393	BSU_13290
G1394	BSU_13300
G1395	BSU_13310
G1396	BSU_13320
G1397	BSU_13330
G1398	BSU_13340
G1399	BSU_13350
G1400	BSU_13360
G1401	BSU_13370
G1402	BSU_13380
G1403	BSU_13390
G1404	BSU_13400
G1405	BSU_13410
G1406	BSU_13420
G1407	BSU_13430
G1408	BSU_13440
G1409	BSU_13450
G1410	BSU_13460
G1411	BSU_13470
G1412	BSU_13480
G1413	BSU_13490
G1414	BSU_13500
G1415	BSU_13509
G1416	BSU_13510
G1417	BSU_13520
G1418	BSU_13530
G1419	BSU_13540
G1420	BSU_13545
G1421	BSU_13550
G1422	BSU_13560
G1423	BSU_13570
G1424	BSU_13580
G1425	BSU_13590
G1426	BSU_13600
G1427	BSU_13610
G1428	BSU_13620
G1429	BSU_13630
G1430	BSU_13640
G1431	BSU_13650
G1432	BSU_13660
G1433	BSU_13670
G1434	BSU_13680
G1435	BSU_13690
G1436	BSU_13700
G1437	BSU_13710
G1438	BSU_13720
G1439	BSU_13730
G1440	BSU_13740
G1441	BSU_13750
G1442	BSU_13760
G1443	BSU_13770
G1444	BSU_13780
G1445	BSU_13789
G1446	BSU_13790
G1447	BSU_13799
G1448	BSU_13800
G1449	BSU_13810
G1450	BSU_13819
G1451	BSU_13820
G1452	BSU_13830
G1453	BSU_13840
G1454	BSU_13850
G1455	BSU_13860
G1456	BSU_13870
G1457	BSU_13880
G1458	BSU_13890
G1459	BSU_13900
G1460	BSU_13910
G1461	BSU_13920
G1462	BSU_13930
G1463	BSU_13940
G1464	BSU_13950
G1465	BSU_13960
G1466	BSU_13970
G1467	BSU_13980
G1468	BSU_13990
G1469	BSU_14000
G1470	BSU_14009
G1471	BSU_14010
G1472	BSU_14020
G1473	BSU_14030
G1474	BSU_14040
G1475	BSU_14050
G1476	BSU_14060
G1477	BSU_14071
G1478	BSU_14072
G1479	BSU_14080
G1480	BSU_14090
G1481	BSU_14100
G1482	BSU_14110
G1483	BSU_14120
G1484	BSU_14130
G1485	BSU_14140
G1486	BSU_14150
G1487	BSU_14160
G1488	BSU_14170
G1489	BSU_14180
G1490	BSU_14190
G1491	BSU_14200
G1492	BSU_14210
G1493	BSU_14220
G1494	BSU_14230
G1495	BSU_14240
G1496	BSU_14250
G1497	BSU_14260
G1498	BSU_14270
G1499	BSU_14280
G1500	BSU_14290
G1501	BSU_14300
G1502	BSU_14310
G1503	BSU_14320
G1504	BSU_14330
G1505	BSU_14340
G1506	BSU_14350
G1507	BSU_14360
G1508	BSU_14370
G1509	BSU_14380
G1510	BSU_14390
G1511	BSU_14400
G1512	BSU_14410
G1513	BSU_14420
G1514	BSU_14430
G1515	BSU_14440
G1516	BSU_14450
G1517	BSU_14460
G1518	BSU_14470
G1519	BSU_14480
G1520	BSU_14490
G1521	BSU_14500
G1522	BSU_14510
G1523	BSU_14520
G1524	BSU_14530
G1525	BSU_14540
G1526	BSU_14550
G1527	BSU_14560
G1528	BSU_14569
G1529	BSU_14568
G1530	BSU_14570
G1531	BSU_14580
G1532	BSU_14590
G1533	BSU_14600
G1534	BSU_14610
G1535	BSU_14620
G1536	BSU_14629
G1537	BSU_14630
G1538	BSU_14640
G1539	BSU_14650
G1540	BSU_14660
G1541	BSU_14670
G1542	BSU_14680
G1543	BSU_14690
G1544	BSU_14700
G1545	BSU_14710
G1546	BSU_14720
G1547	BSU_14730
G1548	BSU_14740
G1549	BSU_14750
G1550	BSU_14760
G1551	BSU_14770
G1552	BSU_14780
G1553	BSU_14790
G1554	BSU_14800
G1555	BSU_14810
G1556	BSU_14820
G1557	BSU_14830
G1558	BSU_14840
G1559	BSU_14850
G1560	BSU_14860
G1561	BSU_14870
G1562	BSU_14880
G1563	BSU_14890
G1564	BSU_14900
G1565	BSU_14910
G1566	BSU_14920
G1567	BSU_14930
G1568	BSU_14940
G1569	BSU_14950
G1570	BSU_14960
G1571	BSU_14970
G1572	BSU_14980
G1573	BSU_14990
G1574	BSU_15000
G1575	BSU_15010
G1576	BSU_15020
G1577	BSU_15030
G1578	BSU_15040
G1579	BSU_15050
G1580	BSU_15060
G1581	BSU_15069
G1582	BSU_15070
G1583	BSU_15080
G1584	BSU_15090
G1585	BSU_15100
G1586	BSU_15110
G1587	BSU_15120
G1588	BSU_15130
G1589	BSU_15140
G1590	BSU_15150
G1591	BSU_15160
G1592	BSU_15170
G1593	BSU_15180
G1594	BSU_15190
G1595	BSU_15200
G1596	BSU_15210
G1597	BSU_15220
G1598	BSU_15230
G1599	BSU_15240
G1600	BSU_15250
G1601	BSU_15260
G1602	BSU_15270
G1603	BSU_15280
G1604	BSU_15290
G1605	BSU_15300
G1606	BSU_15310
G1607	BSU_15320
G1608	BSU_15330
G1609	BSU_15340
G1610	BSU_15350
G1611	BSU_15360
G1612	BSU_15370
G1613	BSU_15380
G1614	BSU_15390
G1615	BSU_15400
G1616	BSU_15410
G1617	BSU_15420
G1618	BSU_15430
G1619	BSU_15440
G1620	BSU_15450
G1621	BSU_15460
G1622	BSU_15470
G1623	BSU_15480
G1624	BSU_15490
G1625	BSU_15500
G1626	BSU_15510
G1627	BSU_15520
G1628	BSU_15530
G1629	BSU_15540
G1630	BSU_15550
G1631	BSU_15560
G1632	BSU_15570
G1633	BSU_15580
G1634	BSU_15590
G1635	BSU_15600
G1636	BSU_15610
G1637	BSU_15620
G1638	BSU_15630
G1639	BSU_15640
G1640	BSU_15650
G1641	BSU_15660
G1642	BSU_15670
G1643	BSU_15680
G1644	BSU_15690
G1645	BSU_15700
G1646	BSU_15710
G1647	BSU_15720
G1648	BSU_15730
G1649	BSU_15740
G1650	BSU_15750
G1651	BSU_15760
G1652	BSU_15770
G1653	BSU_15780
G1654	BSU_15790
G1655	BSU_15800
G1656	BSU_15810
G1657	BSU_15820
G1658	BSU_15830
G1659	BSU_15840
G1660	BSU_15850
G1661	BSU_15860
G1662	BSU_15870
G1663	BSU_15880
G1664	BSU_15890
G1665	BSU_15900
G1666	BSU_15910
G1667	BSU_15920
G1668	BSU_15930
G1669	BSU_15940
G1670	BSU_15950
G1671	BSU_15960
G1672	BSU_15970
G1673	BSU_15980
G1674	BSU_15990
G1675	BSU_16000
G1676	BSU_16010
G1677	BSU_16020
G1678	BSU_16030
G1679	BSU_16040
G1680	BSU_16050
G1681	BSU_16060
G1682	BSU_16070
G1683	BSU_16080
G1684	BSU_16090
G1685	BSU_16100
G1686	BSU_16110
G1687	BSU_16120
G1688	BSU_16130
G1689	BSU_16140
G1690	BSU_16150
G1691	BSU_16160
G1692	BSU_16170
G1693	BSU_16180
G1694	BSU_16190
G1695	BSU_16200
G1696	BSU_16210
G1697	BSU_16220
G1698	BSU_16230
G1699	BSU_16240
G1700	BSU_16250
G1701	BSU_16260
G1702	BSU_16270
G1703	BSU_16280
G1704	BSU_16290
G1705	BSU_16299
G1706	BSU_16300
G1707	BSU_16310
G1708	BSU_16320
G1709	BSU_16330
G1710	BSU_16340
G1711	BSU_16350
G1712	BSU_16360
G1713	BSU_16370
G1714	BSU_16380
G1715	BSU_16390
G1716	BSU_16400
G1717	BSU_16410
G1718	BSU_16420
G1719	BSU_16430
G1720	BSU_16440
G1721	BSU_16450
G1722	BSU_16460
G1723	BSU_16470
G1724	BSU_16480
G1725	BSU_16490
G1726	BSU_16500
G1727	BSU_16510
G1728	BSU_16520
G1729	BSU_16530
G1730	BSU_16540
G1731	BSU_16550
G1732	BSU_16560
G1733	BSU_16570
G1734	BSU_16580
G1735	BSU_16590
G1736	BSU_16600
G1737	BSU_16610
G1738	BSU_16620
G1739	BSU_16630
G1740	BSU_16640
G1741	BSU_16650
G1742	BSU_16660
G1743	BSU_16670
G1744	BSU_16680
G1745	BSU_16690
G1746	BSU_16700
G1747	BSU_16710
G1748	BSU_16720
G1749	BSU_16730
G1750	BSU_16740
G1751	BSU_16750
G1752	BSU_16760
G1753	BSU_16770
G1754	BSU_16780
G1755	BSU_16790
G1756	BSU_16799
G1757	BSU_16800
G1758	BSU_16810
G1759	BSU_16825
G1760	BSU_16845
G1761	BSU_16860
G1762	BSU_16870
G1763	BSU_16880
G1764	BSU_16890
G1765	BSU_16900
G1766	BSU_16910
G1767	BSU_16920
G1768	BSU_16930
G1769	BSU_16940
G1770	BSU_16950
G1771	BSU_16960
G1772	BSU_16970
G1773	BSU_16980
G1774	BSU_16990
G1775	BSU_17000
G1776	BSU_17010
G1777	BSU_17020
G1778	BSU_17030
G1779	BSU_17040
G1780	BSU_17050
G1781	BSU_17060
G1782	BSU_17070
G1783	BSU_17080
G1784	BSU_17090
G1785	BSU_17099
G1786	BSU_17100
G1787	BSU_17110
G1788	BSU_17120
G1789	BSU_17130
G1790	BSU_17140
G1791	BSU_17150
G1792	BSU_17160
G1793	BSU_17170
G1794	BSU_17180
G1795	BSU_17190
G1796	BSU_17200
G1797	BSU_17210
G1798	BSU_17220
G1799	BSU_17230
G1800	BSU_17240
G1801	BSU_17250
G1802	BSU_17260
G1803	BSU_17266
G1804	BSU_17267
G1805	BSU_17270
G1806	BSU_17280
G1807	BSU_17290
G1808	BSU_17300
G1809	BSU_17310
G1810	BSU_17320
G1811	BSU_17330
G1812	BSU_17340
G1813	BSU_17350
G1814	BSU_17360
G1815	BSU_17370
G1816	BSU_17380
G1817	BSU_17390
G1818	BSU_17400
G1819	BSU_17410
G1820	BSU_17420
G1821	BSU_17430
G1822	BSU_17440
G1823	BSU_17450
G1824	BSU_17460
G1825	BSU_17470
G1826	BSU_17480
G1827	BSU_17490
G1828	BSU_17500
G1829	BSU_17510
G1830	BSU_17520
G1831	BSU_17530
G1832	BSU_17540
G1833	BSU_17550
G1834	BSU_17559
G1835	BSU_17560
G1836	BSU_17570
G1837	BSU_17580
G1838	BSU_17590
G1839	BSU_17600
G1840	BSU_17610
G1841	BSU_17620
G1842	BSU_17630
G1843	BSU_17640
G1844	BSU_17650
G1845	BSU_17660
G1846	BSU_17670
G1847	BSU_17678
G1848	BSU_17679
G1849	BSU_17680
G1850	BSU_17689
G1851	BSU_17690
G1852	BSU_17699
G1853	BSU_17700
G1854	BSU_17710
G1855	BSU_17715
G1856	BSU_17720
G1857	BSU_17730
G1858	BSU_17740
G1859	BSU_17750
G1860	BSU_17760
G1861	BSU_17770
G1862	BSU_17780
G1863	BSU_17790
G1864	BSU_17800
G1865	BSU_17810
G1866	BSU_17820
G1867	BSU_17830
G1868	BSU_17840
G1869	BSU_17845
G1870	BSU_17850
G1871	BSU_17860
G1872	BSU_17870
G1873	BSU_17880
G1874	BSU_17890
G1875	BSU_17900
G1876	BSU_17910
G1877	BSU_17920
G1878	BSU_17930
G1879	BSU_17940
G1880	BSU_17950
G1881	BSU_17960
G1882	BSU_17970
G1883	BSU_17980
G1884	BSU_17990
G1885	BSU_18000
G1886	BSU_18010
G1887	BSU_18019
G1888	BSU_18020
G1889	BSU_18030
G1890	BSU_18040
G1891	BSU_18050
G1892	BSU_18060
G1893	BSU_18070
G1894	BSU_18080
G1895	BSU_18090
G1896	BSU_18100
G1897	BSU_18109
G1898	BSU_18110
G1899	BSU_18120
G1900	BSU_18130
G1901	BSU_18140
G1902	BSU_18150
G1903	BSU_18160
G1904	BSU_18170
G1905	BSU_18180
G1906	BSU_18190
G1907	BSU_18200
G1908	BSU_18210
G1909	BSU_18220
G1910	BSU_18230
G1911	BSU_18239
G1912	BSU_18240
G1913	BSU_18250
G1914	BSU_18260
G1915	BSU_18270
G1916	BSU_18275
G1917	BSU_18280
G1918	BSU_18290
G1919	BSU_18300
G1920	BSU_18310
G1921	BSU_18320
G1922	BSU_18330
G1923	BSU_18340
G1924	BSU_18350
G1925	BSU_18360
G1926	BSU_18370
G1927	BSU_18380
G1928	BSU_18390
G1929	BSU_18400
G1930	BSU_18410
G1931	BSU_18420
G1932	BSU_18430
G1933	BSU_18440
G1934	BSU_18450
G1935	BSU_18460
G1936	BSU_18470
G1937	BSU_18480
G1938	BSU_18490
G1939	BSU_18500
G1940	BSU_18510
G1941	BSU_18520
G1942	BSU_18530
G1943	BSU_18540
G1944	BSU_18550
G1945	BSU_18560
G1946	BSU_18570
G1947	BSU_18580
G1948	BSU_18590
G1949	BSU_18595
G1950	BSU_18596
G1951	BSU_18600
G1952	BSU_18610
G1953	BSU_18620
G1954	BSU_18630
G1955	BSU_18640
G1956	BSU_18650
G1957	BSU_18660
G1958	BSU_18669
G1959	BSU_18670
G1960	BSU_18680
G1961	BSU_18689
G1962	BSU_18690
G1963	BSU_18700
G1964	BSU_18709
G1965	BSU_18710
G1966	BSU_18720
G1967	BSU_18730
G1968	BSU_18740
G1969	BSU_18750
G1970	BSU_18760
G1971	BSU_18770
G1972	BSU_18780
G1973	BSU_18790
G1974	BSU_18800
G1975	BSU_18810
G1976	BSU_18819
G1977	BSU_18820
G1978	BSU_18830
G1979	BSU_18840
G1980	BSU_18849
G1981	BSU_18850
G1982	BSU_18860
G1983	BSU_18870
G1984	BSU_18880
G1985	BSU_18890
G1986	BSU_18898
G1987	BSU_18899
G1988	BSU_18900
G1989	BSU_18908
G1990	BSU_18909
G1991	BSU_18910
G1992	BSU_18920
G1993	BSU_18930
G1994	BSU_18940
G1995	BSU_18950
G1996	BSU_18960
G1997	BSU_18970
G1998	BSU_18979
G1999	BSU_18978
G2000	BSU_18980
G2001	BSU_18990
G2002	BSU_19000
G2003	BSU_19010
G2004	BSU_19020
G2005	BSU_19030
G2006	BSU_19040
G2007	BSU_19050
G2008	BSU_19060
G2009	BSU_19070
G2010	BSU_19080
G2011	BSU_19090
G2012	BSU_19100
G2013	BSU_19110
G2014	BSU_19120
G2015	BSU_19130
G2016	BSU_19140
G2017	BSU_19150
G2018	BSU_19160
G2019	BSU_19170
G2020	BSU_19180
G2021	BSU_19190
G2022	BSU_19200
G2023	BSU_19210
G2024	BSU_19220
G2025	BSU_19230
G2026	BSU_19240
G2027	BSU_19250
G2028	BSU_19259
G2029	BSU_19260
G2030	BSU_19270
G2031	BSU_19280
G2032	BSU_19290
G2033	BSU_19300
G2034	BSU_19310
G2035	BSU_19320
G2036	BSU_19330
G2037	BSU_19340
G2038	BSU_19350
G2039	BSU_19360
G2040	BSU_19370
G2041	BSU_19380
G2042	BSU_19390
G2043	BSU_19400
G2044	BSU_19410
G2045	BSU_19420
G2046	BSU_19430
G2047	BSU_19440
G2048	BSU_19450
G2049	BSU_19460
G2050	BSU_19470
G2051	BSU_19479
G2052	BSU_19480
G2053	BSU_19490
G2054	BSU_19510
G2055	BSU_19520
G2056	BSU_19530
G2057	BSU_19540
G2058	BSU_19550
G2059	BSU_19560
G2060	BSU_19570
G2061	BSU_19579
G2062	BSU_19580
G2063	BSU_19590
G2064	BSU_19600
G2065	BSU_19610
G2066	BSU_19620
G2067	BSU_19630
G2068	BSU_19639
G2069	BSU_19640
G2070	BSU_19650
G2071	BSU_19660
G2072	BSU_19669
G2073	BSU_19670
G2074	BSU_19680
G2075	BSU_19689
G2076	BSU_19690
G2077	BSU_19700
G2078	BSU_19710
G2079	BSU_19720
G2080	BSU_19730
G2081	BSU_19740
G2082	BSU_19745
G2083	BSU_19749
G2084	BSU_19750
G2085	BSU_19760
G2086	BSU_19770
G2087	BSU_19780
G2088	BSU_19790
G2089	BSU_19800
G2090	BSU_19810
G2091	BSU_19820
G2092	BSU_19830
G2093	BSU_19840
G2094	BSU_19850
G2095	BSU_19860
G2096	BSU_19870
G2097	BSU_19880
G2098	BSU_19890
G2099	BSU_19900
G2100	BSU_19910
G2101	BSU_19915
G2102	BSU_19920
G2103	BSU_19930
G2104	BSU_19940
G2105	BSU_19950
G2106	BSU_19970
G2107	BSU_19980
G2108	BSU_19990
G2109	BSU_19999
G2110	BSU_20000
G2111	BSU_20010
G2112	BSU_20020
G2113	BSU_20030
G2114	BSU_20040
G2115	BSU_20050
G2116	BSU_20060
G2117	BSU_20070
G2118	BSU_20080
G2119	BSU_20090
G2120	BSU_20100
G2121	BSU_20110
G2122	BSU_20120
G2123	BSU_20130
G2124	BSU_20140
G2125	BSU_20150
G2126	BSU_20160
G2127	BSU_20170
G2128	BSU_20180
G2129	BSU_20190
G2130	BSU_20200
G2131	BSU_20210
G2132	BSU_20220
G2133	BSU_20230
G2134	BSU_20240
G2135	BSU_20250
G2136	BSU_20260
G2137	BSU_20270
G2138	BSU_20280
G2139	BSU_20290
G2140	BSU_20300
G2141	BSU_20310
G2142	BSU_20320
G2143	BSU_20330
G2144	BSU_20340
G2145	BSU_20350
G2146	BSU_20360
G2147	BSU_20370
G2148	BSU_20380
G2149	BSU_20390
G2150	BSU_20400
G2151	BSU_20410
G2152	BSU_20420
G2153	BSU_20430
G2154	BSU_20440
G2155	BSU_20450
G2156	BSU_20460
G2157	BSU_20470
G2158	BSU_20480
G2159	BSU_20490
G2160	BSU_20500
G2161	BSU_20510
G2162	BSU_20520
G2163	BSU_20530
G2164	BSU_20540
G2165	BSU_20550
G2166	BSU_20560
G2167	BSU_20570
G2168	BSU_20580
G2169	BSU_20590
G2170	BSU_20600
G2171	BSU_20610
G2172	BSU_20620
G2173	BSU_20630
G2174	BSU_20640
G2175	BSU_20650
G2176	BSU_20660
G2177	BSU_20670
G2178	BSU_20680
G2179	BSU_20690
G2180	BSU_20700
G2181	BSU_20710
G2182	BSU_20720
G2183	BSU_20730
G2184	BSU_20740
G2185	BSU_20750
G2186	BSU_20760
G2187	BSU_20770
G2188	BSU_20780
G2189	BSU_20790
G2190	BSU_20800
G2191	BSU_20810
G2192	BSU_20820
G2193	BSU_20830
G2194	BSU_20840
G2195	BSU_20850
G2196	BSU_20860
G2197	BSU_20870
G2198	BSU_20880
G2199	BSU_20890
G2200	BSU_20900
G2201	BSU_20910
G2202	BSU_20920
G2203	BSU_20928
G2204	BSU_20929
G2205	BSU_20930
G2206	BSU_20940
G2207	BSU_20950
G2208	BSU_20960
G2209	BSU_20970
G2210	BSU_20980
G2211	BSU_20990
G2212	BSU_20999
G2213	BSU_21000
G2214	BSU_21010
G2215	BSU_21020
G2216	BSU_21030
G2217	BSU_21040
G2218	BSU_21050
G2219	BSU_21058
G2220	BSU_21060
G2221	BSU_21070
G2222	BSU_21080
G2223	BSU_21090
G2224	BSU_21100
G2225	BSU_21110
G2226	BSU_21120
G2227	BSU_21130
G2228	BSU_21140
G2229	BSU_21150
G2230	BSU_21160
G2231	BSU_21170
G2232	BSU_21180
G2233	BSU_21190
G2234	BSU_21200
G2235	BSU_21210
G2236	BSU_21220
G2237	BSU_21229
G2238	BSU_21230
G2239	BSU_21240
G2240	BSU_21250
G2241	BSU_21260
G2242	BSU_21270
G2243	BSU_21280
G2244	BSU_21290
G2245	BSU_21300
G2246	BSU_21310
G2247	BSU_21320
G2248	BSU_21329
G2249	BSU_21330
G2250	BSU_21340
G2251	BSU_21350
G2252	BSU_21360
G2253	BSU_21370
G2254	BSU_21380
G2255	BSU_21390
G2256	BSU_21400
G2257	BSU_21409
G2258	BSU_21410
G2259	BSU_21420
G2260	BSU_21430
G2261	BSU_21440
G2262	BSU_21450
G2263	BSU_21460
G2264	BSU_21470
G2265	BSU_21480
G2266	BSU_21490
G2267	BSU_21500
G2268	BSU_21510
G2269	BSU_21520
G2270	BSU_21530
G2271	BSU_21540
G2272	BSU_21546
G2273	BSU_21550
G2274	BSU_21560
G2275	BSU_21570
G2276	BSU_21580
G2277	BSU_21590
G2278	BSU_21598
G2279	BSU_21599
G2280	BSU_21600
G2281	BSU_21610
G2282	BSU_21620
G2283	BSU_21630
G2284	BSU_21638
G2285	BSU_21639
G2286	BSU_21640
G2287	BSU_21650
G2288	BSU_21660
G2289	BSU_21670
G2290	BSU_21680
G2291	BSU_21690
G2292	BSU_21700
G2293	BSU_21710
G2294	BSU_21720
G2295	BSU_21730
G2296	BSU_21740
G2297	BSU_21750
G2298	BSU_21760
G2299	BSU_21770
G2300	BSU_21780
G2301	BSU_21790
G2302	BSU_21800
G2303	BSU_21810
G2304	BSU_21820
G2305	BSU_21830
G2306	BSU_21840
G2307	BSU_21850
G2308	BSU_21860
G2309	BSU_21870
G2310	BSU_21880
G2311	BSU_21890
G2312	BSU_21900
G2313	BSU_21910
G2314	BSU_21920
G2315	BSU_21925
G2316	BSU_21930
G2317	BSU_21940
G2318	BSU_21950
G2319	BSU_21960
G2320	BSU_21970
G2321	BSU_21980
G2322	BSU_21990
G2323	BSU_22000
G2324	BSU_22010
G2325	BSU_22019
G2326	BSU_22020
G2327	BSU_22030
G2328	BSU_22036
G2329	BSU_22040
G2330	BSU_22050
G2331	BSU_22060
G2332	BSU_22070
G2333	BSU_22080
G2334	BSU_22090
G2335	BSU_22100
G2336	BSU_22110
G2337	BSU_22120
G2338	BSU_22130
G2339	BSU_22140
G2340	BSU_22150
G2341	BSU_22160
G2342	BSU_22169
G2343	BSU_22170
G2344	BSU_22180
G2345	BSU_22190
G2346	BSU_22200
G2347	BSU_22205
G2348	BSU_22210
G2349	BSU_22220
G2350	BSU_22230
G2351	BSU_22240
G2352	BSU_22250
G2353	BSU_22260
G2354	BSU_22270
G2355	BSU_22280
G2356	BSU_22290
G2357	BSU_22300
G2358	BSU_22310
G2359	BSU_22320
G2360	BSU_22330
G2361	BSU_22340
G2362	BSU_22350
G2363	BSU_22360
G2364	BSU_22370
G2365	BSU_22380
G2366	BSU_22390
G2367	BSU_22400
G2368	BSU_22410
G2369	BSU_22420
G2370	BSU_22430
G2371	BSU_22440
G2372	BSU_22450
G2373	BSU_22460
G2374	BSU_22470
G2375	BSU_22480
G2376	BSU_22490
G2377	BSU_22500
G2378	BSU_22510
G2379	BSU_22520
G2380	BSU_22530
G2381	BSU_22540
G2382	BSU_22550
G2383	BSU_22560
G2384	BSU_22570
G2385	BSU_22580
G2386	BSU_22590
G2387	BSU_22600
G2388	BSU_22610
G2389	BSU_22620
G2390	BSU_22630
G2391	BSU_22640
G2392	BSU_22650
G2393	BSU_22660
G2394	BSU_22670
G2395	BSU_22680
G2396	BSU_22690
G2397	BSU_22700
G2398	BSU_22710
G2399	BSU_22720
G2400	BSU_22730
G2401	BSU_22740
G2402	BSU_22750
G2403	BSU_22760
G2404	BSU_22770
G2405	BSU_22780
G2406	BSU_22790
G2407	BSU_22800
G2408	BSU_22810
G2409	BSU_22820
G2410	BSU_22830
G2411	BSU_22840
G2412	BSU_22849
G2413	BSU_22850
G2414	BSU_22860
G2415	BSU_22869
G2416	BSU_22870
G2417	BSU_22880
G2418	BSU_22890
G2419	BSU_22900
G2420	BSU_22910
G2421	BSU_22920
G2422	BSU_22930
G2423	BSU_22940
G2424	BSU_22950
G2425	BSU_22960
G2426	BSU_22970
G2427	BSU_22980
G2428	BSU_22990
G2429	BSU_23000
G2430	BSU_23010
G2431	BSU_23020
G2432	BSU_23030
G2433	BSU_23040
G2434	BSU_23050
G2435	BSU_23070
G2436	BSU_23080
G2437	BSU_23090
G2438	BSU_23100
G2439	BSU_23110
G2440	BSU_23120
G2441	BSU_23130
G2442	BSU_23140
G2443	BSU_23150
G2444	BSU_23160
G2445	BSU_23170
G2446	BSU_23180
G2447	BSU_23190
G2448	BSU_23200
G2449	BSU_23210
G2450	BSU_23220
G2451	BSU_23230
G2452	BSU_23240
G2453	BSU_23250
G2454	BSU_23260
G2455	BSU_23270
G2456	BSU_23280
G2457	BSU_23300
G2458	BSU_23310
G2459	BSU_23320
G2460	BSU_23328
G2461	BSU_23329
G2462	BSU_23330
G2463	BSU_23340
G2464	BSU_23349
G2465	BSU_23350
G2466	BSU_23360
G2467	BSU_23370
G2468	BSU_23380
G2469	BSU_23390
G2470	BSU_23401
G2471	BSU_23402
G2472	BSU_23410
G2473	BSU_23420
G2474	BSU_23430
G2475	BSU_23440
G2476	BSU_23450
G2477	BSU_23460
G2478	BSU_23470
G2479	BSU_23480
G2480	BSU_23490
G2481	BSU_23500
G2482	BSU_23510
G2483	BSU_23519
G2484	BSU_23520
G2485	BSU_23530
G2486	BSU_23540
G2487	BSU_23550
G2488	BSU_23560
G2489	BSU_23570
G2490	BSU_23580
G2491	BSU_23590
G2492	BSU_23600
G2493	BSU_23610
G2494	BSU_23616
G2495	BSU_23620
G2496	BSU_23630
G2497	BSU_23640
G2498	BSU_23650
G2499	BSU_23660
G2500	BSU_23670
G2501	BSU_23680
G2502	BSU_23690
G2503	BSU_23700
G2504	BSU_23710
G2505	BSU_23720
G2506	BSU_23730
G2507	BSU_23740
G2508	BSU_23750
G2509	BSU_23760
G2510	BSU_23770
G2511	BSU_23780
G2512	BSU_23790
G2513	BSU_23800
G2514	BSU_23810
G2515	BSU_23820
G2516	BSU_23830
G2517	BSU_23836
G2518	BSU_23837
G2519	BSU_23840
G2520	BSU_23850
G2521	BSU_23860
G2522	BSU_23870
G2523	BSU_23880
G2524	BSU_23890
G2525	BSU_23900
G2526	BSU_23910
G2527	BSU_23920
G2528	BSU_23930
G2529	BSU_23940
G2530	BSU_23950
G2531	BSU_23960
G2532	BSU_23970
G2533	BSU_23980
G2534	BSU_23990
G2535	BSU_24000
G2536	BSU_24010
G2537	BSU_24020
G2538	BSU_24030
G2539	BSU_24040
G2540	BSU_24050
G2541	BSU_24060
G2542	BSU_24070
G2543	BSU_24080
G2544	BSU_24090
G2545	BSU_24100
G2546	BSU_24110
G2547	BSU_24120
G2548	BSU_24130
G2549	BSU_24140
G2550	BSU_24150
G2551	BSU_24160
G2552	BSU_24170
G2553	BSU_24180
G2554	BSU_24190
G2555	BSU_24200
G2556	BSU_24205
G2557	BSU_24210
G2558	BSU_24220
G2559	BSU_24230
G2560	BSU_24240
G2561	BSU_24250
G2562	BSU_24260
G2563	BSU_24270
G2564	BSU_24280
G2565	BSU_24290
G2566	BSU_24300
G2567	BSU_24310
G2568	BSU_24320
G2569	BSU_24330
G2570	BSU_24340
G2571	BSU_24350
G2572	BSU_24360
G2573	BSU_24370
G2574	BSU_24380
G2575	BSU_24390
G2576	BSU_24400
G2577	BSU_24410
G2578	BSU_24420
G2579	BSU_24430
G2580	BSU_24440
G2581	BSU_24450
G2582	BSU_24460
G2583	BSU_24470
G2584	BSU_24480
G2585	BSU_24490
G2586	BSU_24500
G2587	BSU_24510
G2588	BSU_24520
G2589	BSU_24530
G2590	BSU_24540
G2591	BSU_24550
G2592	BSU_24560
G2593	BSU_24570
G2594	BSU_24580
G2595	BSU_24590
G2596	BSU_24600
G2597	BSU_24610
G2598	BSU_24620
G2599	BSU_24630
G2600	BSU_24640
G2601	BSU_24650
G2602	BSU_24660
G2603	BSU_24670
G2604	BSU_24680
G2605	BSU_24690
G2606	BSU_24700
G2607	BSU_24710
G2608	BSU_24720
G2609	BSU_24730
G2610	BSU_24740
G2611	BSU_24750
G2612	BSU_24760
G2613	BSU_24770
G2614	BSU_24780
G2615	BSU_24790
G2616	BSU_24800
G2617	BSU_24810
G2618	BSU_24820
G2619	BSU_24830
G2620	BSU_24840
G2621	BSU_24850
G2622	BSU_24860
G2623	BSU_24870
G2624	BSU_24880
G2625	BSU_24890
G2626	BSU_24900
G2627	BSU_24910
G2628	BSU_24920
G2629	BSU_24930
G2630	BSU_24940
G2631	BSU_24950
G2632	BSU_24960
G2633	BSU_24970
G2634	BSU_24980
G2635	BSU_24990
G2636	BSU_25000
G2637	BSU_25010
G2638	BSU_25020
G2639	BSU_25030
G2640	BSU_25040
G2641	BSU_25050
G2642	BSU_25060
G2643	BSU_25070
G2644	BSU_25080
G2645	BSU_25090
G2646	BSU_25100
G2647	BSU_25110
G2648	BSU_25120
G2649	BSU_25130
G2650	BSU_25140
G2651	BSU_25150
G2652	BSU_25160
G2653	BSU_25170
G2654	BSU_25180
G2655	BSU_25190
G2656	BSU_25200
G2657	BSU_25210
G2658	BSU_25220
G2659	BSU_25230
G2660	BSU_25240
G2661	BSU_25250
G2662	BSU_25260
G2663	BSU_25270
G2664	BSU_25280
G2665	BSU_25289
G2666	BSU_25290
G2667	BSU_25300
G2668	BSU_25310
G2669	BSU_25320
G2670	BSU_25330
G2671	BSU_25340
G2672	BSU_25350
G2673	BSU_25360
G2674	BSU_25370
G2675	BSU_25380
G2676	BSU_25390
G2677	BSU_25400
G2678	BSU_25410
G2679	BSU_25420
G2680	BSU_25430
G2681	BSU_25440
G2682	BSU_25450
G2683	BSU_25460
G2684	BSU_25470
G2685	BSU_25480
G2686	BSU_25490
G2687	BSU_25500
G2688	BSU_25510
G2689	BSU_25520
G2690	BSU_25530
G2691	BSU_25540
G2692	BSU_25550
G2693	BSU_25560
G2694	BSU_25565
G2695	BSU_25569
G2696	BSU_25570
G2697	BSU_25580
G2698	BSU_25590
G2699	BSU_25600
G2700	BSU_25610
G2701	BSU_25620
G2702	BSU_25630
G2703	BSU_25640
G2704	BSU_25650
G2705	BSU_25660
G2706	BSU_25670
G2707	BSU_25680
G2708	BSU_25690
G2709	BSU_25700
G2710	BSU_25710
G2711	BSU_25720
G2712	BSU_25730
G2713	BSU_25740
G2714	BSU_25750
G2715	BSU_25760
G2716	BSU_25770
G2717	BSU_25780
G2718	BSU_25790
G2719	BSU_25800
G2720	BSU_25810
G2721	BSU_25820
G2722	BSU_25830
G2723	BSU_25840
G2724	BSU_25850
G2725	BSU_25860
G2726	BSU_25870
G2727	BSU_25875
G2728	BSU_25880
G2729	BSU_25890
G2730	BSU_25900
G2731	BSU_25910
G2732	BSU_25920
G2733	BSU_25930
G2734	BSU_25940
G2735	BSU_25950
G2736	BSU_25960
G2737	BSU_25970
G2738	BSU_25980
G2739	BSU_25990
G2740	BSU_26000
G2741	BSU_26010
G2742	BSU_26020
G2743	BSU_26030
G2744	BSU_26039
G2745	BSU_26040
G2746	BSU_26050
G2747	BSU_26055
G2748	BSU_26060
G2749	BSU_26075
G2750	BSU_26089
G2751	BSU_26090
G2752	BSU_26100
G2753	BSU_26110
G2754	BSU_26120
G2755	BSU_26130
G2756	BSU_26140
G2757	BSU_26150
G2758	BSU_26160
G2759	BSU_26170
G2760	BSU_26180
G2761	BSU_26190
G2762	BSU_26200
G2763	BSU_26210
G2764	BSU_26220
G2765	BSU_26230
G2766	BSU_26240
G2767	BSU_26250
G2768	BSU_26259
G2769	BSU_26260
G2770	BSU_26270
G2771	BSU_26280
G2772	BSU_26290
G2773	BSU_26300
G2774	BSU_26305
G2775	BSU_26310
G2776	BSU_26320
G2777	BSU_26330
G2778	BSU_26340
G2779	BSU_26350
G2780	BSU_26360
G2781	BSU_26370
G2782	BSU_26380
G2783	BSU_26390
G2784	BSU_26399
G2785	BSU_26400
G2786	BSU_26410
G2787	BSU_26420
G2788	BSU_26430
G2789	BSU_26440
G2790	BSU_26449
G2791	BSU_26450
G2792	BSU_26470
G2793	BSU_26480
G2794	BSU_26490
G2795	BSU_26500
G2796	BSU_26510
G2797	BSU_26530
G2798	BSU_26540
G2799	BSU_26550
G2800	BSU_26558
G2801	BSU_26559
G2802	BSU_26560
G2803	BSU_26569
G2804	BSU_26570
G2805	BSU_26580
G2806	BSU_26590
G2807	BSU_26600
G2808	BSU_26610
G2809	BSU_26619
G2810	BSU_26620
G2811	BSU_26630
G2812	BSU_26640
G2813	BSU_26650
G2814	BSU_26660
G2815	BSU_26670
G2816	BSU_26680
G2817	BSU_26690
G2818	BSU_26700
G2819	BSU_26710
G2820	BSU_26720
G2821	BSU_26730
G2822	BSU_26740
G2823	BSU_26748
G2824	BSU_26749
G2825	BSU_26750
G2826	BSU_26760
G2827	BSU_26770
G2828	BSU_26780
G2829	BSU_26790
G2830	BSU_26800
G2831	BSU_26810
G2832	BSU_26820
G2833	BSU_26829
G2834	BSU_26826
G2835	BSU_26827
G2836	BSU_26830
G2837	BSU_26840
G2838	BSU_26850
G2839	BSU_26860
G2840	BSU_26870
G2841	BSU_26880
G2842	BSU_26890
G2843	BSU_26900
G2844	BSU_26910
G2845	BSU_26920
G2846	BSU_26930
G2847	BSU_26935
G2848	BSU_26940
G2849	BSU_26950
G2850	BSU_26960
G2851	BSU_26970
G2852	BSU_26980
G2853	BSU_26990
G2854	BSU_27000
G2855	BSU_27009
G2856	BSU_27010
G2857	BSU_27020
G2858	BSU_27030
G2859	BSU_27035
G2860	BSU_27040
G2861	BSU_27050
G2862	BSU_27060
G2863	BSU_27070
G2864	BSU_27080
G2865	BSU_27085
G2866	BSU_27090
G2867	BSU_27100
G2868	BSU_27110
G2869	BSU_27120
G2870	BSU_27130
G2871	BSU_27140
G2872	BSU_27150
G2873	BSU_27160
G2874	BSU_27170
G2875	BSU_27180
G2876	BSU_27185
G2877	BSU_27190
G2878	BSU_27200
G2879	BSU_27210
G2880	BSU_27220
G2881	BSU_27230
G2882	BSU_27240
G2883	BSU_27250
G2884	BSU_27260
G2885	BSU_27270
G2886	BSU_27280
G2887	BSU_27290
G2888	BSU_27300
G2889	BSU_27310
G2890	BSU_27320
G2891	BSU_27330
G2892	BSU_27340
G2893	BSU_27350
G2894	BSU_27360
G2895	BSU_27370
G2896	BSU_27380
G2897	BSU_27390
G2898	BSU_27400
G2899	BSU_27410
G2900	BSU_27420
G2901	BSU_27430
G2902	BSU_27440
G2903	BSU_27450
G2904	BSU_27460
G2905	BSU_27468
G2906	BSU_27469
G2907	BSU_27470
G2908	BSU_27480
G2909	BSU_27490
G2910	BSU_27500
G2911	BSU_27510
G2912	BSU_27520
G2913	BSU_27530
G2914	BSU_27540
G2915	BSU_27550
G2916	BSU_27560
G2917	BSU_27570
G2918	BSU_27580
G2919	BSU_27590
G2920	BSU_27600
G2921	BSU_27610
G2922	BSU_27620
G2923	BSU_27630
G2924	BSU_27640
G2925	BSU_27650
G2926	BSU_27660
G2927	BSU_27670
G2928	BSU_27680
G2929	BSU_27690
G2930	BSU_27700
G2931	BSU_27710
G2932	BSU_27720
G2933	BSU_27729
G2934	BSU_27730
G2935	BSU_27740
G2936	BSU_27750
G2937	BSU_27760
G2938	BSU_27770
G2939	BSU_27785
G2940	BSU_27786
G2941	BSU_27800
G2942	BSU_27809
G2943	BSU_27810
G2944	BSU_27820
G2945	BSU_27830
G2946	BSU_27840
G2947	BSU_27850
G2948	BSU_27860
G2949	BSU_27870
G2950	BSU_27880
G2951	BSU_27890
G2952	BSU_27900
G2953	BSU_27910
G2954	BSU_27920
G2955	BSU_27930
G2956	BSU_27935
G2957	BSU_27940
G2958	BSU_27950
G2959	BSU_27960
G2960	BSU_27970
G2961	BSU_27980
G2962	BSU_27990
G2963	BSU_28000
G2964	BSU_28010
G2965	BSU_28020
G2966	BSU_28030
G2967	BSU_28040
G2968	BSU_28050
G2969	BSU_28060
G2970	BSU_28070
G2971	BSU_28080
G2972	BSU_28090
G2973	BSU_28099
G2974	BSU_28100
G2975	BSU_28110
G2976	BSU_28120
G2977	BSU_28130
G2978	BSU_28140
G2979	BSU_28150
G2980	BSU_28160
G2981	BSU_28170
G2982	BSU_28180
G2983	BSU_28190
G2984	BSU_28200
G2985	BSU_28210
G2986	BSU_28220
G2987	BSU_28230
G2988	BSU_28240
G2989	BSU_28250
G2990	BSU_28260
G2991	BSU_28270
G2992	BSU_28280
G2993	BSU_28290
G2994	BSU_28300
G2995	BSU_28310
G2996	BSU_28320
G2997	BSU_28330
G2998	BSU_28340
G2999	BSU_28350
G3000	BSU_28360
G3001	BSU_28370
G3002	BSU_28380
G3003	BSU_28390
G3004	BSU_28400
G3005	BSU_28410
G3006	BSU_28420
G3007	BSU_28430
G3008	BSU_28440
G3009	BSU_28450
G3010	BSU_28460
G3011	BSU_28470
G3012	BSU_28475
G3013	BSU_28490
G3014	BSU_28500
G3015	BSU_28509
G3016	BSU_28510
G3017	BSU_28520
G3018	BSU_28530
G3019	BSU_28540
G3020	BSU_28550
G3021	BSU_28560
G3022	BSU_28570
G3023	BSU_28580
G3024	BSU_28590
G3025	BSU_28600
G3026	BSU_28610
G3027	BSU_28620
G3028	BSU_28630
G3029	BSU_28640
G3030	BSU_28645
G3031	BSU_28650
G3032	BSU_28660
G3033	BSU_28670
G3034	BSU_28680
G3035	BSU_28690
G3036	BSU_28700
G3037	BSU_28709
G3038	BSU_28710
G3039	BSU_28720
G3040	BSU_28730
G3041	BSU_28740
G3042	BSU_28750
G3043	BSU_28760
G3044	BSU_28770
G3045	BSU_28780
G3046	BSU_28790
G3047	BSU_28800
G3048	BSU_28810
G3049	BSU_28820
G3050	BSU_28830
G3051	BSU_28840
G3052	BSU_28850
G3053	BSU_28860
G3054	BSU_28870
G3055	BSU_28890
G3056	BSU_28900
G3057	BSU_28910
G3058	BSU_28920
G3059	BSU_28930
G3060	BSU_28940
G3061	BSU_28950
G3062	BSU_28960
G3063	BSU_28970
G3064	BSU_28980
G3065	BSU_28990
G3066	BSU_29000
G3067	BSU_29010
G3068	BSU_29020
G3069	BSU_29030
G3070	BSU_29040
G3071	BSU_29050
G3072	BSU_29060
G3073	BSU_29070
G3074	BSU_29080
G3075	BSU_29090
G3076	BSU_29100
G3077	BSU_29110
G3078	BSU_29120
G3079	BSU_29130
G3080	BSU_29140
G3081	BSU_29150
G3082	BSU_29160
G3083	BSU_29170
G3084	BSU_29180
G3085	BSU_29190
G3086	BSU_29200
G3087	BSU_29210
G3088	BSU_29220
G3089	BSU_29230
G3090	BSU_29239
G3091	BSU_29240
G3092	BSU_29249
G3093	BSU_29250
G3094	BSU_29260
G3095	BSU_29270
G3096	BSU_29280
G3097	BSU_29290
G3098	BSU_29300
G3099	BSU_29310
G3100	BSU_29320
G3101	BSU_29330
G3102	BSU_29340
G3103	BSU_29350
G3104	BSU_29360
G3105	BSU_29370
G3106	BSU_29380
G3107	BSU_29390
G3108	BSU_29400
G3109	BSU_29410
G3110	BSU_29420
G3111	BSU_29430
G3112	BSU_29440
G3113	BSU_29450
G3114	BSU_29460
G3115	BSU_29470
G3116	BSU_29479
G3117	BSU_29480
G3118	BSU_29490
G3119	BSU_29500
G3120	BSU_29510
G3121	BSU_29520
G3122	BSU_29530
G3123	BSU_29540
G3124	BSU_29550
G3125	BSU_29560
G3126	BSU_29570
G3127	BSU_29580
G3128	BSU_29590
G3129	BSU_29600
G3130	BSU_29610
G3131	BSU_29620
G3132	BSU_29630
G3133	BSU_29640
G3134	BSU_29650
G3135	BSU_29660
G3136	BSU_29670
G3137	BSU_29680
G3138	BSU_29690
G3139	BSU_29700
G3140	BSU_29710
G3141	BSU_29720
G3142	BSU_29730
G3143	BSU_29740
G3144	BSU_29750
G3145	BSU_29760
G3146	BSU_29770
G3147	BSU_29780
G3148	BSU_29790
G3149	BSU_29805
G3150	BSU_29820
G3151	BSU_29830
G3152	BSU_29840
G3153	BSU_29845
G3154	BSU_29850
G3155	BSU_29860
G3156	BSU_29870
G3157	BSU_29880
G3158	BSU_29890
G3159	BSU_29900
G3160	BSU_29910
G3161	BSU_29920
G3162	BSU_29930
G3163	BSU_29940
G3164	BSU_29950
G3165	BSU_29960
G3166	BSU_29970
G3167	BSU_29980
G3168	BSU_29990
G3169	BSU_30000
G3170	BSU_30010
G3171	BSU_30020
G3172	BSU_30035
G3173	BSU_30050
G3174	BSU_30060
G3175	BSU_30070
G3176	BSU_30080
G3177	BSU_30090
G3178	BSU_30100
G3179	BSU_30110
G3180	BSU_30120
G3181	BSU_30135
G3182	BSU_30150
G3183	BSU_30160
G3184	BSU_30170
G3185	BSU_30180
G3186	BSU_30190
G3187	BSU_30200
G3188	BSU_30210
G3189	BSU_30220
G3190	BSU_30230
G3191	BSU_30240
G3192	BSU_30250
G3193	BSU_30260
G3194	BSU_30270
G3195	BSU_30280
G3196	BSU_30290
G3197	BSU_30300
G3198	BSU_30310
G3199	BSU_30320
G3200	BSU_30330
G3201	BSU_30340
G3202	BSU_30350
G3203	BSU_30360
G3204	BSU_30370
G3205	BSU_30380
G3206	BSU_30390
G3207	BSU_30400
G3208	BSU_30410
G3209	BSU_30420
G3210	BSU_30430
G3211	BSU_30440
G3212	BSU_30450
G3213	BSU_30460
G3214	BSU_30466
G3215	BSU_30470
G3216	BSU_30480
G3217	BSU_30490
G3218	BSU_30500
G3219	BSU_30510
G3220	BSU_30520
G3221	BSU_30530
G3222	BSU_30540
G3223	BSU_30550
G3224	BSU_30560
G3225	BSU_30570
G3226	BSU_30580
G3227	BSU_30595
G3228	BSU_30610
G3229	BSU_30620
G3230	BSU_30630
G3231	BSU_30640
G3232	BSU_30650
G3233	BSU_30659
G3234	BSU_30660
G3235	BSU_30670
G3236	BSU_30680
G3237	BSU_30690
G3238	BSU_30700
G3239	BSU_30710
G3240	BSU_30720
G3241	BSU_30739
G3242	BSU_30740
G3243	BSU_30750
G3244	BSU_30760
G3245	BSU_30770
G3246	BSU_30780
G3247	BSU_30790
G3248	BSU_30800
G3249	BSU_30810
G3250	BSU_30820
G3251	BSU_30830
G3252	BSU_30840
G3253	BSU_30850
G3254	BSU_30860
G3255	BSU_30870
G3256	BSU_30880
G3257	BSU_30890
G3258	BSU_30900
G3259	BSU_30910
G3260	BSU_30920
G3261	BSU_30930
G3262	BSU_30940
G3263	BSU_30950
G3264	BSU_30960
G3265	BSU_30970
G3266	BSU_30980
G3267	BSU_30990
G3268	BSU_31000
G3269	BSU_31010
G3270	BSU_31020
G3271	BSU_31030
G3272	BSU_31040
G3273	BSU_31050
G3274	BSU_31060
G3275	BSU_31070
G3276	BSU_31080
G3277	BSU_31090
G3278	BSU_31100
G3279	BSU_31110
G3280	BSU_31120
G3281	BSU_31130
G3282	BSU_31140
G3283	BSU_31150
G3284	BSU_31160
G3285	BSU_31170
G3286	BSU_31180
G3287	BSU_31190
G3288	BSU_31200
G3289	BSU_31210
G3290	BSU_31220
G3291	BSU_31230
G3292	BSU_31240
G3293	BSU_31250
G3294	BSU_31260
G3295	BSU_31270
G3296	BSU_31279
G3297	BSU_31280
G3298	BSU_31289
G3299	BSU_31290
G3300	BSU_31300
G3301	BSU_31310
G3302	BSU_31319
G3303	BSU_31321
G3304	BSU_31322
G3305	BSU_31330
G3306	BSU_31340
G3307	BSU_31350
G3308	BSU_31360
G3309	BSU_31370
G3310	BSU_31380
G3311	BSU_31390
G3312	BSU_31400
G3313	BSU_31410
G3314	BSU_31420
G3315	BSU_31430
G3316	BSU_31440
G3317	BSU_31450
G3318	BSU_31460
G3319	BSU_31470
G3320	BSU_31480
G3321	BSU_31490
G3322	BSU_31500
G3323	BSU_31510
G3324	BSU_31520
G3325	BSU_31530
G3326	BSU_31540
G3327	BSU_31550
G3328	BSU_31560
G3329	BSU_31570
G3330	BSU_31580
G3331	BSU_31590
G3332	BSU_31600
G3333	BSU_31610
G3334	BSU_31620
G3335	BSU_31630
G3336	BSU_31640
G3337	BSU_31650
G3338	BSU_31660
G3339	BSU_31670
G3340	BSU_31680
G3341	BSU_31690
G3342	BSU_31700
G3343	BSU_31710
G3344	BSU_31720
G3345	BSU_31725
G3346	BSU_31730
G3347	BSU_31740
G3348	BSU_31750
G3349	BSU_31760
G3350	BSU_31770
G3351	BSU_31780
G3352	BSU_31790
G3353	BSU_31800
G3354	BSU_31810
G3355	BSU_31820
G3356	BSU_31830
G3357	BSU_31840
G3358	BSU_31850
G3359	BSU_31860
G3360	BSU_31875
G3361	BSU_31890
G3362	BSU_31900
G3363	BSU_31910
G3364	BSU_31920
G3365	BSU_31930
G3366	BSU_31945
G3367	BSU_31959
G3368	BSU_31960
G3369	BSU_31970
G3370	BSU_31980
G3371	BSU_31990
G3372	BSU_32000
G3373	BSU_32010
G3374	BSU_32020
G3375	BSU_32030
G3376	BSU_32040
G3377	BSU_32050
G3378	BSU_32060
G3379	BSU_32070
G3380	BSU_32080
G3381	BSU_32090
G3382	BSU_32100
G3383	BSU_32110
G3384	BSU_32120
G3385	BSU_32130
G3386	BSU_32140
G3387	BSU_32150
G3388	BSU_32160
G3389	BSU_32170
G3390	BSU_32180
G3391	BSU_32190
G3392	BSU_32200
G3393	BSU_32210
G3394	BSU_32220
G3395	BSU_32230
G3396	BSU_32240
G3397	BSU_32250
G3398	BSU_32260
G3399	BSU_32270
G3400	BSU_32280
G3401	BSU_32290
G3402	BSU_32300
G3403	BSU_32310
G3404	BSU_32320
G3405	BSU_32330
G3406	BSU_32340
G3407	BSU_32350
G3408	BSU_32360
G3409	BSU_32370
G3410	BSU_32380
G3411	BSU_32390
G3412	BSU_32400
G3413	BSU_32410
G3414	BSU_32420
G3415	BSU_32430
G3416	BSU_32440
G3417	BSU_32450
G3418	BSU_32460
G3419	BSU_32469
G3420	BSU_32470
G3421	BSU_32480
G3422	BSU_32490
G3423	BSU_32500
G3424	BSU_32510
G3425	BSU_32520
G3426	BSU_32530
G3427	BSU_32539
G3428	BSU_32540
G3429	BSU_32550
G3430	BSU_32560
G3431	BSU_32570
G3432	BSU_32580
G3433	BSU_32590
G3434	BSU_32600
G3435	BSU_32610
G3436	BSU_32620
G3437	BSU_32630
G3438	BSU_32640
G3439	BSU_32650
G3440	BSU_32660
G3441	BSU_32669
G3442	BSU_32670
G3443	BSU_32680
G3444	BSU_32690
G3445	BSU_32700
G3446	BSU_32710
G3447	BSU_32719
G3448	BSU_32720
G3449	BSU_32730
G3450	BSU_32740
G3451	BSU_32750
G3452	BSU_32760
G3453	BSU_32770
G3454	BSU_32780
G3455	BSU_32790
G3456	BSU_32800
G3457	BSU_32810
G3458	BSU_32820
G3459	BSU_32830
G3460	BSU_32840
G3461	BSU_32849
G3462	BSU_32850
G3463	BSU_32859
G3464	BSU_32860
G3465	BSU_32870
G3466	BSU_32880
G3467	BSU_32890
G3468	BSU_32900
G3469	BSU_32910
G3470	BSU_32920
G3471	BSU_32930
G3472	BSU_32940
G3473	BSU_32950
G3474	BSU_32960
G3475	BSU_32970
G3476	BSU_32980
G3477	BSU_32990
G3478	BSU_33000
G3479	BSU_33010
G3480	BSU_33020
G3481	BSU_33029
G3482	BSU_33030
G3483	BSU_33040
G3484	BSU_33049
G3485	BSU_33050
G3486	BSU_33060
G3487	BSU_33070
G3488	BSU_33080
G3489	BSU_33090
G3490	BSU_33100
G3491	BSU_33110
G3492	BSU_33120
G3493	BSU_33130
G3494	BSU_33140
G3495	BSU_33150
G3496	BSU_33160
G3497	BSU_33170
G3498	BSU_33180
G3499	BSU_33190
G3500	BSU_33200
G3501	BSU_33210
G3502	BSU_33221
G3503	BSU_33222
G3504	BSU_33230
G3505	BSU_33239
G3506	BSU_33240
G3507	BSU_33250
G3508	BSU_33260
G3509	BSU_33270
G3510	BSU_33280
G3511	BSU_33290
G3512	BSU_33300
G3513	BSU_33310
G3514	BSU_33320
G3515	BSU_33330
G3516	BSU_33340
G3517	BSU_33350
G3518	BSU_33360
G3519	BSU_33370
G3520	BSU_33380
G3521	BSU_33390
G3522	BSU_33400
G3523	BSU_33410
G3524	BSU_33420
G3525	BSU_33430
G3526	BSU_33440
G3527	BSU_33450
G3528	BSU_33460
G3529	BSU_33470
G3530	BSU_33480
G3531	BSU_33490
G3532	BSU_33500
G3533	BSU_33510
G3534	BSU_33520
G3535	BSU_33530
G3536	BSU_33540
G3537	BSU_33550
G3538	BSU_33560
G3539	BSU_33570
G3540	BSU_33580
G3541	BSU_33590
G3542	BSU_33600
G3543	BSU_33610
G3544	BSU_33620
G3545	BSU_33630
G3546	BSU_33640
G3547	BSU_33650
G3548	BSU_33660
G3549	BSU_33670
G3550	BSU_33680
G3551	BSU_33690
G3552	BSU_33700
G3553	BSU_33710
G3554	BSU_33720
G3555	BSU_33730
G3556	BSU_33740
G3557	BSU_33750
G3558	BSU_33760
G3559	BSU_33770
G3560	BSU_33780
G3561	BSU_33790
G3562	BSU_33800
G3563	BSU_33810
G3564	BSU_33820
G3565	BSU_33830
G3566	BSU_33840
G3567	BSU_33850
G3568	BSU_33860
G3569	BSU_33870
G3570	BSU_33880
G3571	BSU_33890
G3572	BSU_33900
G3573	BSU_33910
G3574	BSU_33920
G3575	BSU_33930
G3576	BSU_33940
G3577	BSU_33950
G3578	BSU_33960
G3579	BSU_33970
G3580	BSU_33980
G3581	BSU_33990
G3582	BSU_34000
G3583	BSU_34010
G3584	BSU_34020
G3585	BSU_34030
G3586	BSU_34040
G3587	BSU_34050
G3588	BSU_34060
G3589	BSU_34070
G3590	BSU_34080
G3591	BSU_34090
G3592	BSU_34100
G3593	BSU_34110
G3594	BSU_34120
G3595	BSU_34130
G3596	BSU_34140
G3597	BSU_34150
G3598	BSU_34160
G3599	BSU_34170
G3600	BSU_34180
G3601	BSU_34190
G3602	BSU_34200
G3603	BSU_34210
G3604	BSU_34220
G3605	BSU_34230
G3606	BSU_34240
G3607	BSU_34250
G3608	BSU_34265
G3609	BSU_34280
G3610	BSU_34290
G3611	BSU_34300
G3612	BSU_34310
G3613	BSU_34320
G3614	BSU_34330
G3615	BSU_34340
G3616	BSU_34350
G3617	BSU_34360
G3618	BSU_34370
G3619	BSU_34380
G3620	BSU_34390
G3621	BSU_34399
G3622	BSU_34400
G3623	BSU_34410
G3624	BSU_34420
G3625	BSU_34430
G3626	BSU_34440
G3627	BSU_34450
G3628	BSU_34460
G3629	BSU_34470
G3630	BSU_34480
G3631	BSU_34490
G3632	BSU_34500
G3633	BSU_34510
G3634	BSU_34520
G3635	BSU_34530
G3636	BSU_34540
G3637	BSU_34550
G3638	BSU_34560
G3639	BSU_34570
G3640	BSU_34580
G3641	BSU_34590
G3642	BSU_34600
G3643	BSU_34610
G3644	BSU_34620
G3645	BSU_34630
G3646	BSU_34640
G3647	BSU_34650
G3648	BSU_34660
G3649	BSU_34670
G3650	BSU_34680
G3651	BSU_34690
G3652	BSU_34700
G3653	BSU_34710
G3654	BSU_34720
G3655	BSU_34729
G3656	BSU_34730
G3657	BSU_34740
G3658	BSU_34750
G3659	BSU_34760
G3660	BSU_34770
G3661	BSU_34780
G3662	BSU_34790
G3663	BSU_34800
G3664	BSU_34810
G3665	BSU_34820
G3666	BSU_34830
G3667	BSU_34840
G3668	BSU_34850
G3669	BSU_34860
G3670	BSU_34870
G3671	BSU_34880
G3672	BSU_34890
G3673	BSU_34900
G3674	BSU_34910
G3675	BSU_34920
G3676	BSU_34930
G3677	BSU_34940
G3678	BSU_34950
G3679	BSU_34960
G3680	BSU_34970
G3681	BSU_34980
G3682	BSU_34990
G3683	BSU_35000
G3684	BSU_35010
G3685	BSU_35020
G3686	BSU_35030
G3687	BSU_35040
G3688	BSU_35050
G3689	BSU_35060
G3690	BSU_35070
G3691	BSU_35080
G3692	BSU_35090
G3693	BSU_35100
G3694	BSU_35110
G3695	BSU_35120
G3696	BSU_35130
G3697	BSU_35140
G3698	BSU_35150
G3699	BSU_35160
G3700	BSU_35170
G3701	BSU_35180
G3702	BSU_35190
G3703	BSU_35200
G3704	BSU_35210
G3705	BSU_35220
G3706	BSU_35230
G3707	BSU_35239
G3708	BSU_35240
G3709	BSU_35250
G3710	BSU_35260
G3711	BSU_35270
G3712	BSU_35280
G3713	BSU_35290
G3714	BSU_35300
G3715	BSU_35310
G3716	BSU_35319
G3717	BSU_35320
G3718	BSU_35330
G3719	BSU_35340
G3720	BSU_35350
G3721	BSU_35360
G3722	BSU_35370
G3723	BSU_35380
G3724	BSU_35390
G3725	BSU_35400
G3726	BSU_35410
G3727	BSU_35420
G3728	BSU_35430
G3729	BSU_35440
G3730	BSU_35450
G3731	BSU_35460
G3732	BSU_35470
G3733	BSU_35480
G3734	BSU_35490
G3735	BSU_35500
G3736	BSU_35510
G3737	BSU_35520
G3738	BSU_35530
G3739	BSU_35540
G3740	BSU_35550
G3741	BSU_35560
G3742	BSU_35570
G3743	BSU_35580
G3744	BSU_35590
G3745	BSU_35600
G3746	BSU_35609
G3747	BSU_35610
G3748	BSU_35620
G3749	BSU_35630
G3750	BSU_35640
G3751	BSU_35650
G3752	BSU_35660
G3753	BSU_35670
G3754	BSU_35678
G3755	BSU_35679
G3756	BSU_35680
G3757	BSU_35690
G3758	BSU_35698
G3759	BSU_35699
G3760	BSU_35700
G3761	BSU_35710
G3762	BSU_35720
G3763	BSU_35730
G3764	BSU_35740
G3765	BSU_35750
G3766	BSU_35760
G3767	BSU_35770
G3768	BSU_35780
G3769	BSU_35790
G3770	BSU_35800
G3771	BSU_35810
G3772	BSU_35820
G3773	BSU_35830
G3774	BSU_35840
G3775	BSU_35850
G3776	BSU_35860
G3777	BSU_35870
G3778	BSU_35880
G3779	BSU_35890
G3780	BSU_35900
G3781	BSU_35910
G3782	BSU_35920
G3783	BSU_35930
G3784	BSU_35940
G3785	BSU_35950
G3786	BSU_35960
G3787	BSU_35970
G3788	BSU_35980
G3789	BSU_35990
G3790	BSU_36000
G3791	BSU_36010
G3792	BSU_36020
G3793	BSU_36030
G3794	BSU_36040
G3795	BSU_36050
G3796	BSU_36060
G3797	BSU_36070
G3798	BSU_36079
G3799	BSU_36080
G3800	BSU_36090
G3801	BSU_36100
G3802	BSU_36110
G3803	BSU_36120
G3804	BSU_36130
G3805	BSU_36140
G3806	BSU_36150
G3807	BSU_36160
G3808	BSU_36170
G3809	BSU_36180
G3810	BSU_36190
G3811	BSU_36200
G3812	BSU_36210
G3813	BSU_36215
G3814	BSU_36220
G3815	BSU_36230
G3816	BSU_36240
G3817	BSU_36250
G3818	BSU_36260
G3819	BSU_36269
G3820	BSU_36270
G3821	BSU_36280
G3822	BSU_36290
G3823	BSU_36300
G3824	BSU_36310
G3825	BSU_36320
G3826	BSU_36330
G3827	BSU_36340
G3828	BSU_36350
G3829	BSU_36360
G3830	BSU_36370
G3831	BSU_36380
G3832	BSU_36390
G3833	BSU_36400
G3834	BSU_36410
G3835	BSU_36420
G3836	BSU_36430
G3837	BSU_36440
G3838	BSU_36450
G3839	BSU_36460
G3840	BSU_36470
G3841	BSU_36480
G3842	BSU_36490
G3843	BSU_36499
G3844	BSU_36500
G3845	BSU_36510
G3846	BSU_36520
G3847	BSU_36530
G3848	BSU_36540
G3849	BSU_36550
G3850	BSU_36560
G3851	BSU_36570
G3852	BSU_36575
G3853	BSU_36580
G3854	BSU_36590
G3855	BSU_36600
G3856	BSU_36610
G3857	BSU_36620
G3858	BSU_36630
G3859	BSU_36640
G3860	BSU_36650
G3861	BSU_36660
G3862	BSU_36668
G3863	BSU_36669
G3864	BSU_36670
G3865	BSU_36680
G3866	BSU_36690
G3867	BSU_36700
G3868	BSU_36710
G3869	BSU_36720
G3870	BSU_36730
G3871	BSU_36739
G3872	BSU_36740
G3873	BSU_36750
G3874	BSU_36760
G3875	BSU_36770
G3876	BSU_36780
G3877	BSU_36790
G3878	BSU_36800
G3879	BSU_36810
G3880	BSU_36820
G3881	BSU_36830
G3882	BSU_36840
G3883	BSU_36850
G3884	BSU_36860
G3885	BSU_36870
G3886	BSU_36880
G3887	BSU_36890
G3888	BSU_36900
G3889	BSU_36910
G3890	BSU_36920
G3891	BSU_36930
G3892	BSU_36940
G3893	BSU_36950
G3894	BSU_36960
G3895	BSU_36970
G3896	BSU_36980
G3897	BSU_36990
G3898	BSU_37000
G3899	BSU_37010
G3900	BSU_37020
G3901	BSU_37030
G3902	BSU_37040
G3903	BSU_37050
G3904	BSU_37060
G3905	BSU_37070
G3906	BSU_37080
G3907	BSU_37089
G3908	BSU_37090
G3909	BSU_37100
G3910	BSU_37110
G3911	BSU_37120
G3912	BSU_37130
G3913	BSU_37140
G3914	BSU_37150
G3915	BSU_37160
G3916	BSU_37170
G3917	BSU_37180
G3918	BSU_37190
G3919	BSU_37200
G3920	BSU_37210
G3921	BSU_37220
G3922	BSU_37230
G3923	BSU_37240
G3924	BSU_37250
G3925	BSU_37260
G3926	BSU_37270
G3927	BSU_37280
G3928	BSU_37290
G3929	BSU_37300
G3930	BSU_37310
G3931	BSU_37320
G3932	BSU_37330
G3933	BSU_37340
G3934	BSU_37350
G3935	BSU_37360
G3936	BSU_37370
G3937	BSU_37380
G3938	BSU_37390
G3939	BSU_37400
G3940	BSU_37410
G3941	BSU_37420
G3942	BSU_37430
G3943	BSU_37440
G3944	BSU_37450
G3945	BSU_37460
G3946	BSU_37470
G3947	BSU_37480
G3948	BSU_37490
G3949	BSU_37500
G3950	BSU_37510
G3951	BSU_37520
G3952	BSU_37530
G3953	BSU_37540
G3954	BSU_37550
G3955	BSU_37560
G3956	BSU_37569
G3957	BSU_37570
G3958	BSU_37580
G3959	BSU_37590
G3960	BSU_37600
G3961	BSU_37610
G3962	BSU_37620
G3963	BSU_37630
G3964	BSU_37640
G3965	BSU_37650
G3966	BSU_37660
G3967	BSU_37670
G3968	BSU_37680
G3969	BSU_37690
G3970	BSU_37700
G3971	BSU_37710
G3972	BSU_37720
G3973	BSU_37730
G3974	BSU_37740
G3975	BSU_37750
G3976	BSU_37760
G3977	BSU_37770
G3978	BSU_37780
G3979	BSU_37790
G3980	BSU_37800
G3981	BSU_37810
G3982	BSU_37820
G3983	BSU_37830
G3984	BSU_37840
G3985	BSU_37850
G3986	BSU_37860
G3987	BSU_37870
G3988	BSU_37880
G3989	BSU_37890
G3990	BSU_37900
G3991	BSU_37910
G3992	BSU_37920
G3993	BSU_37930
G3994	BSU_37940
G3995	BSU_37950
G3996	BSU_37960
G3997	BSU_37970
G3998	BSU_37980
G3999	BSU_37990
G4000	BSU_38000
G4001	BSU_38018
G4002	BSU_38020
G4003	BSU_38030
G4004	BSU_38040
G4005	BSU_38050
G4006	BSU_38060
G4007	BSU_38070
G4008	BSU_38080
G4009	BSU_38090
G4010	BSU_38100
G4011	BSU_38110
G4012	BSU_38120
G4013	BSU_38130
G4014	BSU_38140
G4015	BSU_38150
G4016	BSU_38160
G4017	BSU_38170
G4018	BSU_38180
G4019	BSU_38190
G4020	BSU_38200
G4021	BSU_38210
G4022	BSU_38220
G4023	BSU_38229
G4024	BSU_38230
G4025	BSU_38240
G4026	BSU_38250
G4027	BSU_38260
G4028	BSU_38270
G4029	BSU_38280
G4030	BSU_38290
G4031	BSU_38300
G4032	BSU_38310
G4033	BSU_38320
G4034	BSU_38330
G4035	BSU_38340
G4036	BSU_38350
G4037	BSU_38360
G4038	BSU_38370
G4039	BSU_38380
G4040	BSU_38390
G4041	BSU_38400
G4042	BSU_38410
G4043	BSU_38420
G4044	BSU_38430
G4045	BSU_38440
G4046	BSU_38450
G4047	BSU_38460
G4048	BSU_38470
G4049	BSU_38480
G4050	BSU_38490
G4051	BSU_38495
G4052	BSU_38499
G4053	BSU_38500
G4054	BSU_38510
G4055	BSU_38520
G4056	BSU_38530
G4057	BSU_38540
G4058	BSU_38550
G4059	BSU_38560
G4060	BSU_38570
G4061	BSU_38580
G4062	BSU_38590
G4063	BSU_38600
G4064	BSU_38610
G4065	BSU_38620
G4066	BSU_38630
G4067	BSU_38640
G4068	BSU_38650
G4069	BSU_38660
G4070	BSU_38670
G4071	BSU_38680
G4072	BSU_38690
G4073	BSU_38700
G4074	BSU_38710
G4075	BSU_38720
G4076	BSU_38730
G4077	BSU_38740
G4078	BSU_38750
G4079	BSU_38760
G4080	BSU_38770
G4081	BSU_38780
G4082	BSU_38790
G4083	BSU_38800
G4084	BSU_38810
G4085	BSU_38820
G4086	BSU_38830
G4087	BSU_38840
G4088	BSU_38850
G4089	BSU_38860
G4090	BSU_38870
G4091	BSU_38880
G4092	BSU_38890
G4093	BSU_38900
G4094	BSU_38910
G4095	BSU_38920
G4096	BSU_38930
G4097	BSU_38940
G4098	BSU_38950
G4099	BSU_38960
G4100	BSU_38970
G4101	BSU_38980
G4102	BSU_38990
G4103	BSU_39000
G4104	BSU_39010
G4105	BSU_39020
G4106	BSU_39029
G4107	BSU_39030
G4108	BSU_39040
G4109	BSU_39050
G4110	BSU_39060
G4111	BSU_39070
G4112	BSU_39080
G4113	BSU_39090
G4114	BSU_39100
G4115	BSU_39110
G4116	BSU_39120
G4117	BSU_39129
G4118	BSU_39139
G4119	BSU_39140
G4120	BSU_39150
G4121	BSU_39160
G4122	BSU_39170
G4123	BSU_39180
G4124	BSU_39190
G4125	BSU_39200
G4126	BSU_39210
G4127	BSU_39220
G4128	BSU_39230
G4129	BSU_39240
G4130	BSU_39250
G4131	BSU_39260
G4132	BSU_39270
G4133	BSU_39280
G4134	BSU_39290
G4135	BSU_39300
G4136	BSU_39310
G4137	BSU_39320
G4138	BSU_39330
G4139	BSU_39339
G4140	BSU_39340
G4141	BSU_39350
G4142	BSU_39360
G4143	BSU_39370
G4144	BSU_39380
G4145	BSU_39390
G4146	BSU_39400
G4147	BSU_39410
G4148	BSU_39420
G4149	BSU_39430
G4150	BSU_39440
G4151	BSU_39450
G4152	BSU_39460
G4153	BSU_39470
G4154	BSU_39480
G4155	BSU_39490
G4156	BSU_39500
G4157	BSU_39510
G4158	BSU_39520
G4159	BSU_39530
G4160	BSU_39540
G4161	BSU_39550
G4162	BSU_39560
G4163	BSU_39570
G4164	BSU_39580
G4165	BSU_39590
G4166	BSU_39600
G4167	BSU_39610
G4168	BSU_39620
G4169	BSU_39630
G4170	BSU_39640
G4171	BSU_39650
G4172	BSU_39660
G4173	BSU_39670
G4174	BSU_39680
G4175	BSU_39690
G4176	BSU_39700
G4177	BSU_39710
G4178	BSU_39720
G4179	BSU_39730
G4180	BSU_39740
G4181	BSU_39750
G4182	BSU_39760
G4183	BSU_39770
G4184	BSU_39780
G4185	BSU_39790
G4186	BSU_39800
G4187	BSU_39810
G4188	BSU_39820
G4189	BSU_39830
G4190	BSU_39840
G4191	BSU_39850
G4192	BSU_39860
G4193	BSU_39870
G4194	BSU_39880
G4195	BSU_39890
G4196	BSU_39900
G4197	BSU_39910
G4198	BSU_39920
G4199	BSU_39930
G4200	BSU_39940
G4201	BSU_39950
G4202	BSU_39960
G4203	BSU_39970
G4204	BSU_39980
G4205	BSU_39990
G4206	BSU_40000
G4207	BSU_40010
G4208	BSU_40021
G4209	BSU_40022
G4210	BSU_40030
G4211	BSU_40040
G4212	BSU_40050
G4213	BSU_40060
G4214	BSU_40070
G4215	BSU_40080
G4216	BSU_40090
G4217	BSU_40100
G4218	BSU_40110
G4219	BSU_40120
G4220	BSU_40130
G4221	BSU_40139
G4222	BSU_40140
G4223	BSU_40150
G4224	BSU_40160
G4225	BSU_40170
G4226	BSU_40180
G4227	BSU_40190
G4228	BSU_40200
G4229	BSU_40210
G4230	BSU_40220
G4231	BSU_40230
G4232	BSU_40239
G4233	BSU_40240
G4234	BSU_40250
G4235	BSU_40259
G4236	BSU_40260
G4237	BSU_40270
G4238	BSU_40280
G4239	BSU_40290
G4240	BSU_40300
G4241	BSU_40310
G4242	BSU_40320
G4243	BSU_40330
G4244	BSU_40340
G4245	BSU_40350
G4246	BSU_40359
G4247	BSU_40358
G4248	BSU_40360
G4249	BSU_40370
G4250	BSU_40380
G4251	BSU_40390
G4252	BSU_40400
G4253	BSU_40410
G4254	BSU_40420
G4255	BSU_40430
G4256	BSU_40440
G4257	BSU_40450
G4258	BSU_40460
G4259	BSU_40470
G4260	BSU_40480
G4261	BSU_40490
G4262	BSU_40500
G4263	BSU_40510
G4264	BSU_40520
G4265	BSU_40529
G4266	BSU_40530
G4267	BSU_40540
G4268	BSU_40550
G4269	BSU_40560
G4270	BSU_40570
G4271	BSU_40573
G4272	BSU_40574
G4273	BSU_40576
G4274	BSU_40578
G4275	BSU_40579
G4276	BSU_40580
G4277	BSU_40590
G4278	BSU_40600
G4279	BSU_40610
G4280	BSU_40620
G4281	BSU_40630
G4282	BSU_40640
G4283	BSU_40650
G4284	BSU_40660
G4285	BSU_40670
G4286	BSU_40680
G4287	BSU_40690
G4288	BSU_40700
G4289	BSU_40710
G4290	BSU_40720
G4291	BSU_40730
G4292	BSU_40740
G4293	BSU_40750
G4294	BSU_40760
G4295	BSU_40770
G4296	BSU_40780
G4297	BSU_40790
G4298	BSU_40800
G4299	BSU_40810
G4300	BSU_40820
G4301	BSU_40830
G4302	BSU_40840
G4303	BSU_40850
G4304	BSU_40860
G4305	BSU_40870
G4306	BSU_40880
G4307	BSU_40890
G4308	BSU_40900
G4309	BSU_40910
G4310	BSU_40920
G4311	BSU_40930
G4312	BSU_40939
G4313	BSU_40940
G4314	BSU_40950
G4315	BSU_40960
G4316	BSU_40970
G4317	BSU_40980
G4318	BSU_40990
G4319	BSU_41000
G4320	BSU_41010
G4321	BSU_41020
G4322	BSU_41030
G4323	BSU_41040
G4324	BSU_41050
G4325	BSU_41060
