TF_id,TG_id,Index
BSU_40540,BSU_40540,1
BSU_40540,BSU_07830,1
BSU_40410,BSU_13450,1
BSU_40410,BSU_13460,1
BSU_40410,BSU_14470,1
BSU_40410,BSU_14460,1
BSU_40410,BSU_06250,1
BSU_40410,BSU_35750,1
BSU_40410,BSU_35760,1
BSU_40410,BSU_39230,1
BSU_40410,BSU_39220,1
BSU_40410,BSU_19210,1
BSU_40410,BSU_35700,1
BSU_40410,BSU_35710,1
BSU_40410,BSU_35740,1
BSU_40410,BSU_35730,1
BSU_40410,BSU_35720,1
BSU_40410,BSU_15290,1
BSU_40410,BSU_15280,1
BSU_40410,BSU_18380,1
BSU_40410,BSU_13819,1
BSU_40410,BSU_13820,1
BSU_40410,BSU_09420,1
BSU_40410,BSU_34800,1
BSU_40410,BSU_12100,1
BSU_40410,BSU_06250,1
BSU_40410,BSU_06260,1
BSU_40410,BSU_38480,1
BSU_40350,BSU_40340,1
BSU_40350,BSU_40330,1
BSU_40350,BSU_40320,1
BSU_40350,BSU_40350,1
BSU_40350,BSU_37790,1
BSU_40350,BSU_17850,1
BSU_40350,BSU_37780,1
BSU_40350,BSU_37760,1
BSU_40350,BSU_37770,1
BSU_40050,BSU_40050,1
BSU_40050,BSU_40060,1
BSU_40050,BSU_40080,1
BSU_40050,BSU_40070,1
BSU_39990,BSU_39970,1
BSU_39990,BSU_39980,1
BSU_39990,BSU_39990,1
BSU_39770,BSU_39750,1
BSU_39770,BSU_39710,1
BSU_39770,BSU_39670,1
BSU_39770,BSU_39680,1
BSU_39770,BSU_39760,1
BSU_39770,BSU_39700,1
BSU_39770,BSU_39730,1
BSU_39770,BSU_39740,1
BSU_39770,BSU_39720,1
BSU_39770,BSU_39690,1
BSU_39770,BSU_39770,1
BSU_39770,BSU_39780,1
BSU_39770,BSU_06230,1
BSU_39660,BSU_39630,1
BSU_39660,BSU_39620,1
BSU_39660,BSU_39640,1
BSU_39430,BSU_39410,1
BSU_39430,BSU_39420,1
BSU_39430,BSU_39400,1
BSU_39340,BSU_39390,1
BSU_39340,BSU_39340,1
BSU_39340,BSU_39370,1
BSU_39340,BSU_39350,1
BSU_39340,BSU_39360,1
BSU_39340,BSU_39380,1
BSU_39080,BSU_39270,1
BSU_39080,BSU_39250,1
BSU_39080,BSU_39260,1
BSU_39080,BSU_39070,1
BSU_38600,BSU_38590,1
BSU_38600,BSU_38580,1
BSU_38600,BSU_38560,1
BSU_38600,BSU_38570,1
BSU_38450,BSU_38460,1
BSU_38450,BSU_38450,1
BSU_38420,BSU_34460,1
BSU_38420,BSU_34450,1
BSU_38420,BSU_38410,1
BSU_38420,BSU_38420,1
BSU_38310,BSU_38330,1
BSU_38310,BSU_38320,1
BSU_38220,BSU_38229,1
BSU_38070,BSU_38030,1
BSU_38070,BSU_38040,1
BSU_38070,BSU_38050,1
BSU_37650,BSU_37650,1
BSU_37650,BSU_33440,1
BSU_37650,BSU_33430,1
BSU_37620,BSU_37620,1
BSU_37620,BSU_38630,1
BSU_37310,BSU_08090,1
BSU_37310,BSU_08070,1
BSU_37310,BSU_08060,1
BSU_37310,BSU_08080,1
BSU_37310,BSU_37310,1
BSU_37310,BSU_37250,1
BSU_37310,BSU_37260,1
BSU_37310,BSU_37270,1
BSU_37310,BSU_37280,1
BSU_37310,BSU_37290,1
BSU_37310,BSU_37310,1
BSU_37310,BSU_37320,1
BSU_37070,BSU_37070,1
BSU_36600,BSU_05450,1
BSU_36600,BSU_26600,1
BSU_36600,BSU_26590,1
BSU_36600,BSU_24020,1
BSU_36600,BSU_24010,1
BSU_36600,BSU_36600,1
BSU_36600,BSU_16825,1
BSU_36600,BSU_16845,1
BSU_36600,BSU_16860,1
BSU_36420,BSU_06900,1
BSU_36420,BSU_06890,1
BSU_36420,BSU_06910,1
BSU_36420,BSU_06920,1
BSU_36420,BSU_06930,1
BSU_36420,BSU_36050,1
BSU_36420,BSU_36040,1
BSU_36420,BSU_36060,1
BSU_36420,BSU_24360,1
BSU_36420,BSU_24370,1
BSU_36420,BSU_24400,1
BSU_36420,BSU_24410,1
BSU_36420,BSU_24430,1
BSU_36420,BSU_24440,1
BSU_36420,BSU_24380,1
BSU_36420,BSU_24390,1
BSU_36420,BSU_24420,1
BSU_36420,BSU_15260,1
BSU_36420,BSU_15270,1
BSU_36420,BSU_15250,1
BSU_36420,BSU_15230,1
BSU_36420,BSU_15240,1
BSU_36420,BSU_15220,1
BSU_36420,BSU_09780,1
BSU_36420,BSU_09770,1
BSU_36420,BSU_11770,1
BSU_36420,BSU_11780,1
BSU_36420,BSU_11760,1
BSU_36420,BSU_25760,1
BSU_36420,BSU_27970,1
BSU_36420,BSU_27980,1
BSU_36420,BSU_14250,1
BSU_36420,BSU_17700,1
BSU_36420,BSU_15260,1
BSU_36420,BSU_15200,1
BSU_36420,BSU_15270,1
BSU_36420,BSU_15190,1
BSU_36420,BSU_15250,1
BSU_36420,BSU_15210,1
BSU_36420,BSU_15230,1
BSU_36420,BSU_15240,1
BSU_36420,BSU_15180,1
BSU_36420,BSU_15220,1
BSU_36420,BSU_25770,1
BSU_36420,BSU_28410,1
BSU_36420,BSU_12090,1
BSU_36420,BSU_02600,1
BSU_36420,BSU_00160,1
BSU_36420,BSU_15170,1
BSU_36420,BSU_22520,1
BSU_36420,BSU_25060,1
BSU_36420,BSU_25070,1
BSU_36420,BSU_09830,1
BSU_36420,BSU_22200,1
BSU_36420,BSU_40530,1
BSU_36420,BSU_28380,1
BSU_36420,BSU_15090,1
BSU_36420,BSU_17420,1
BSU_36420,BSU_01570,1
BSU_36420,BSU_15030,1
BSU_36420,BSU_25360,1
BSU_36420,BSU_25350,1
BSU_36420,BSU_36750,1
BSU_36420,BSU_00230,1
BSU_36420,BSU_22800,1
BSU_36420,BSU_15810,1
BSU_36420,BSU_26390,1
BSU_36420,BSU_15360,1
BSU_36420,BSU_31279,1
BSU_36420,BSU_31280,1
BSU_36420,BSU_27670,1
BSU_36420,BSU_27690,1
BSU_36300,BSU_36300,1
BSU_36300,BSU_36290,1
BSU_36110,BSU_36130,1
BSU_36110,BSU_36110,1
BSU_36110,BSU_36120,1
BSU_36020,BSU_36000,1
BSU_36020,BSU_36010,1
BSU_35650,BSU_35650,1
BSU_35490,BSU_35440,1
BSU_35490,BSU_35450,1
BSU_35490,BSU_35470,1
BSU_35490,BSU_35380,1
BSU_35490,BSU_35420,1
BSU_35490,BSU_35410,1
BSU_35490,BSU_35400,1
BSU_35490,BSU_35370,1
BSU_35490,BSU_35460,1
BSU_35490,BSU_35390,1
BSU_35490,BSU_35430,1
BSU_35490,BSU_35870,1
BSU_35490,BSU_35900,1
BSU_35490,BSU_35880,1
BSU_35490,BSU_35890,1
BSU_35490,BSU_35239,1
BSU_35490,BSU_35220,1
BSU_35490,BSU_36230,1
BSU_35490,BSU_36250,1
BSU_35490,BSU_36260,1
BSU_35490,BSU_36240,1
BSU_35490,BSU_16180,1
BSU_35490,BSU_16310,1
BSU_35490,BSU_16300,1
BSU_35490,BSU_16320,1
BSU_35490,BSU_16330,1
BSU_35490,BSU_16299,1
BSU_35490,BSU_16480,1
BSU_35490,BSU_16240,1
BSU_35490,BSU_16270,1
BSU_35490,BSU_16230,1
BSU_35490,BSU_16250,1
BSU_35490,BSU_16380,1
BSU_35490,BSU_16430,1
BSU_35490,BSU_16350,1
BSU_35490,BSU_16470,1
BSU_35490,BSU_16200,1
BSU_35490,BSU_16280,1
BSU_35490,BSU_16440,1
BSU_35490,BSU_16220,1
BSU_35490,BSU_16390,1
BSU_35490,BSU_16370,1
BSU_35490,BSU_16360,1
BSU_35490,BSU_16420,1
BSU_35490,BSU_16400,1
BSU_35490,BSU_16460,1
BSU_35490,BSU_16340,1
BSU_35490,BSU_16190,1
BSU_35490,BSU_16410,1
BSU_35490,BSU_16290,1
BSU_35490,BSU_16450,1
BSU_35490,BSU_16260,1
BSU_35490,BSU_16210,1
BSU_35490,BSU_34460,1
BSU_35490,BSU_34450,1
BSU_35490,BSU_38410,1
BSU_35490,BSU_38420,1
BSU_35490,BSU_31860,1
BSU_35490,BSU_31900,1
BSU_35490,BSU_31890,1
BSU_35490,BSU_31910,1
BSU_35490,BSU_31875,1
BSU_35490,BSU_31840,1
BSU_35490,BSU_31850,1
BSU_35490,BSU_10420,1
BSU_35490,BSU_16310,1
BSU_35490,BSU_16300,1
BSU_35490,BSU_16320,1
BSU_35490,BSU_16330,1
BSU_35490,BSU_16299,1
BSU_35490,BSU_16480,1
BSU_35490,BSU_16270,1
BSU_35490,BSU_16380,1
BSU_35490,BSU_16430,1
BSU_35490,BSU_16350,1
BSU_35490,BSU_16470,1
BSU_35490,BSU_16280,1
BSU_35490,BSU_16440,1
BSU_35490,BSU_16390,1
BSU_35490,BSU_16370,1
BSU_35490,BSU_16360,1
BSU_35490,BSU_16420,1
BSU_35490,BSU_16400,1
BSU_35490,BSU_16460,1
BSU_35490,BSU_16340,1
BSU_35490,BSU_16410,1
BSU_35490,BSU_16290,1
BSU_35490,BSU_16450,1
BSU_35490,BSU_16260,1
BSU_35490,BSU_35500,1
BSU_35490,BSU_35490,1
BSU_35490,BSU_14410,1
BSU_35490,BSU_34470,1
BSU_35490,BSU_38940,1
BSU_35490,BSU_10300,1
BSU_35490,BSU_38940,1
BSU_35490,BSU_38930,1
BSU_35490,BSU_02780,1
BSU_35490,BSU_39230,1
BSU_35490,BSU_39220,1
BSU_35490,BSU_38400,1
BSU_35490,BSU_31080,1
BSU_35490,BSU_31720,1
BSU_35490,BSU_15300,1
BSU_35490,BSU_35239,1
BSU_35490,BSU_35230,1
BSU_35490,BSU_34850,1
BSU_35490,BSU_34840,1
BSU_35490,BSU_34830,1
BSU_35490,BSU_15640,1
BSU_35490,BSU_11040,1
BSU_35490,BSU_11055,1
BSU_35490,BSU_11070,1
BSU_35490,BSU_11100,1
BSU_35239,BSU_02780,1
BSU_35230,BSU_16180,1
BSU_35230,BSU_16310,1
BSU_35230,BSU_16300,1
BSU_35230,BSU_16320,1
BSU_35230,BSU_16330,1
BSU_35230,BSU_16299,1
BSU_35230,BSU_16480,1
BSU_35230,BSU_16240,1
BSU_35230,BSU_16270,1
BSU_35230,BSU_16230,1
BSU_35230,BSU_16250,1
BSU_35230,BSU_16380,1
BSU_35230,BSU_16430,1
BSU_35230,BSU_16350,1
BSU_35230,BSU_16470,1
BSU_35230,BSU_16200,1
BSU_35230,BSU_16280,1
BSU_35230,BSU_16440,1
BSU_35230,BSU_16220,1
BSU_35230,BSU_16390,1
BSU_35230,BSU_16370,1
BSU_35230,BSU_16360,1
BSU_35230,BSU_16420,1
BSU_35230,BSU_16400,1
BSU_35230,BSU_16460,1
BSU_35230,BSU_16340,1
BSU_35230,BSU_16190,1
BSU_35230,BSU_16410,1
BSU_35230,BSU_16290,1
BSU_35230,BSU_16450,1
BSU_35230,BSU_16260,1
BSU_35230,BSU_16210,1
BSU_35230,BSU_16310,1
BSU_35230,BSU_16300,1
BSU_35230,BSU_16320,1
BSU_35230,BSU_16330,1
BSU_35230,BSU_16299,1
BSU_35230,BSU_16480,1
BSU_35230,BSU_16270,1
BSU_35230,BSU_16380,1
BSU_35230,BSU_16430,1
BSU_35230,BSU_16350,1
BSU_35230,BSU_16470,1
BSU_35230,BSU_16280,1
BSU_35230,BSU_16440,1
BSU_35230,BSU_16390,1
BSU_35230,BSU_16370,1
BSU_35230,BSU_16360,1
BSU_35230,BSU_16420,1
BSU_35230,BSU_16400,1
BSU_35230,BSU_16460,1
BSU_35230,BSU_16340,1
BSU_35230,BSU_16410,1
BSU_35230,BSU_16290,1
BSU_35230,BSU_16450,1
BSU_35230,BSU_16260,1
BSU_35080,BSU_35070,1
BSU_35080,BSU_35060,1
BSU_35080,BSU_35080,1
BSU_35080,BSU_35090,1
BSU_35080,BSU_10730,1
BSU_35030,BSU_35020,1
BSU_35030,BSU_35030,1
BSU_35030,BSU_35010,1
BSU_35030,BSU_07700,1
BSU_35030,BSU_07670,1
BSU_35030,BSU_07690,1
BSU_35030,BSU_07680,1
BSU_34720,BSU_34700,1
BSU_34720,BSU_34720,1
BSU_34720,BSU_34710,1
BSU_34720,BSU_34690,1
BSU_34630,BSU_34610,1
BSU_34630,BSU_34570,1
BSU_34630,BSU_34580,1
BSU_34630,BSU_34560,1
BSU_34630,BSU_34620,1
BSU_34630,BSU_34550,1
BSU_34630,BSU_34590,1
BSU_34630,BSU_34630,1
BSU_34630,BSU_34600,1
BSU_34380,BSU_35640,1
BSU_34380,BSU_35620,1
BSU_34380,BSU_35630,1
BSU_34380,BSU_09370,1
BSU_34180,BSU_34040,1
BSU_34180,BSU_34030,1
BSU_34180,BSU_34050,1
BSU_34180,BSU_24630,1
BSU_34180,BSU_24640,1
BSU_34180,BSU_24620,1
BSU_34180,BSU_34190,1
BSU_34180,BSU_31080,1
BSU_34170,BSU_34140,1
BSU_34170,BSU_34150,1
BSU_34170,BSU_34120,1
BSU_34170,BSU_34160,1
BSU_34170,BSU_34130,1
BSU_34170,BSU_34170,1
BSU_33970,BSU_33960,1
BSU_33970,BSU_33970,1
BSU_33970,BSU_28800,1
BSU_33970,BSU_28760,1
BSU_33970,BSU_28720,1
BSU_33970,BSU_28780,1
BSU_33970,BSU_28740,1
BSU_33970,BSU_28730,1
BSU_33970,BSU_28770,1
BSU_33970,BSU_28750,1
BSU_33970,BSU_28790,1
BSU_33970,BSU_28810,1
BSU_33970,BSU_28510,1
BSU_33950,BSU_33920,1
BSU_33950,BSU_33900,1
BSU_33950,BSU_33950,1
BSU_33950,BSU_33910,1
BSU_33950,BSU_33940,1
BSU_33950,BSU_33930,1
BSU_33950,BSU_33950,1
BSU_33950,BSU_33940,1
BSU_33840,BSU_33700,1
BSU_33840,BSU_33730,1
BSU_33840,BSU_33720,1
BSU_33840,BSU_33710,1
BSU_33840,BSU_33830,1
BSU_33840,BSU_33800,1
BSU_33840,BSU_33820,1
BSU_33840,BSU_33810,1
BSU_33790,BSU_32830,1
BSU_33790,BSU_32840,1
BSU_33790,BSU_32820,1
BSU_33790,BSU_32830,1
BSU_33790,BSU_32840,1
BSU_33790,BSU_32820,1
BSU_33790,BSU_32850,1
BSU_33790,BSU_33790,1
BSU_33790,BSU_33780,1
BSU_33680,BSU_08240,1
BSU_33680,BSU_08230,1
BSU_33660,BSU_06839,1
BSU_33660,BSU_06839,1
BSU_33660,BSU_06830,1
BSU_33660,BSU_36380,1
BSU_33660,BSU_33640,1
BSU_33660,BSU_40310,1
BSU_33660,BSU_40300,1
BSU_33520,BSU_19900,1
BSU_33520,BSU_19830,1
BSU_33520,BSU_19850,1
BSU_33520,BSU_19820,1
BSU_33520,BSU_19920,1
BSU_33520,BSU_19880,1
BSU_33520,BSU_19910,1
BSU_33520,BSU_19930,1
BSU_33520,BSU_19870,1
BSU_33520,BSU_19970,1
BSU_33520,BSU_19940,1
BSU_33520,BSU_19860,1
BSU_33520,BSU_19890,1
BSU_33520,BSU_33510,1
BSU_33520,BSU_33500,1
BSU_33221,BSU_35640,1
BSU_33221,BSU_35620,1
BSU_33221,BSU_35630,1
BSU_33221,BSU_21440,1
BSU_33221,BSU_21480,1
BSU_33221,BSU_21470,1
BSU_33221,BSU_21450,1
BSU_33221,BSU_21460,1
BSU_33221,BSU_38510,1
BSU_33221,BSU_38540,1
BSU_33221,BSU_38499,1
BSU_33221,BSU_38500,1
BSU_33221,BSU_38520,1
BSU_33221,BSU_38530,1
BSU_33221,BSU_33230,1
BSU_33221,BSU_33222,1
BSU_33221,BSU_39230,1
BSU_33221,BSU_39220,1
BSU_33221,BSU_10770,1
BSU_33221,BSU_23090,1
BSU_33221,BSU_23100,1
BSU_33080,BSU_09340,1
BSU_33080,BSU_09320,1
BSU_33080,BSU_09330,1
BSU_33080,BSU_33120,1
BSU_33080,BSU_33130,1
BSU_33080,BSU_33080,1
BSU_33080,BSU_33090,1
BSU_33080,BSU_33110,1
BSU_33080,BSU_33100,1
BSU_33080,BSU_05720,1
BSU_33030,BSU_33029,1
BSU_33010,BSU_33020,1
BSU_33010,BSU_33010,1
BSU_33010,BSU_33000,1
BSU_33010,BSU_12900,1
BSU_33010,BSU_33029,1
BSU_32870,BSU_32880,1
BSU_32870,BSU_32870,1
BSU_32560,BSU_32580,1
BSU_32560,BSU_32550,1
BSU_32560,BSU_32590,1
BSU_32560,BSU_32600,1
BSU_32560,BSU_32570,1
BSU_32560,BSU_32610,1
BSU_32420,BSU_32470,1
BSU_32420,BSU_32500,1
BSU_32420,BSU_32480,1
BSU_32420,BSU_32510,1
BSU_32420,BSU_32490,1
BSU_32420,BSU_32450,1
BSU_32420,BSU_32440,1
BSU_32420,BSU_32430,1
BSU_32420,BSU_32460,1
BSU_32420,BSU_13170,1
BSU_32420,BSU_32450,1
BSU_32420,BSU_32440,1
BSU_32420,BSU_32420,1
BSU_32420,BSU_32430,1
BSU_32420,BSU_32460,1
BSU_32420,BSU_36660,1
BSU_32420,BSU_36650,1
BSU_32420,BSU_36640,1
BSU_32420,BSU_36470,1
BSU_32420,BSU_32410,1
BSU_32420,BSU_32520,1
BSU_32420,BSU_32530,1
BSU_31920,BSU_31930,1
BSU_31680,BSU_12430,1
BSU_31680,BSU_12440,1
BSU_31680,BSU_37460,1
BSU_31680,BSU_37470,1
BSU_31680,BSU_07560,1
BSU_31680,BSU_25840,1
BSU_31680,BSU_05010,1
BSU_31680,BSU_05020,1
BSU_31680,BSU_03770,1
BSU_31680,BSU_03780,1
BSU_31680,BSU_03510,1
BSU_31680,BSU_03490,1
BSU_31680,BSU_03500,1
BSU_31680,BSU_03480,1
BSU_31680,BSU_03520,1
BSU_31680,BSU_03530,1
BSU_31680,BSU_37480,1
BSU_31680,BSU_25830,1
BSU_31680,BSU_25840,1
BSU_31680,BSU_15910,1
BSU_31680,BSU_15920,1
BSU_31680,BSU_15890,1
BSU_31680,BSU_15900,1
BSU_31680,BSU_15880,1
BSU_31680,BSU_34190,1
BSU_31680,BSU_31720,1
BSU_31530,BSU_37040,1
BSU_31530,BSU_37050,1
BSU_31530,BSU_31580,1
BSU_31530,BSU_07570,1
BSU_31210,BSU_31190,1
BSU_31210,BSU_31200,1
BSU_31210,BSU_31220,1
BSU_31210,BSU_31210,1
BSU_31210,BSU_31180,1
BSU_31070,BSU_33700,1
BSU_31070,BSU_33730,1
BSU_31070,BSU_33720,1
BSU_31070,BSU_33710,1
BSU_31070,BSU_31060,1
BSU_31070,BSU_31050,1
BSU_30460,BSU_30440,1
BSU_30460,BSU_30420,1
BSU_30460,BSU_30460,1
BSU_30460,BSU_30410,1
BSU_30460,BSU_30430,1
BSU_30460,BSU_30450,1
BSU_30460,BSU_36500,1
BSU_30460,BSU_36480,1
BSU_30460,BSU_36490,1
BSU_30400,BSU_30380,1
BSU_30400,BSU_30370,1
BSU_30260,BSU_30280,1
BSU_30260,BSU_30290,1
BSU_30260,BSU_30260,1
BSU_30260,BSU_30270,1
BSU_30260,BSU_30300,1
BSU_29740,BSU_39390,1
BSU_29740,BSU_39340,1
BSU_29740,BSU_39370,1
BSU_29740,BSU_39350,1
BSU_29740,BSU_39360,1
BSU_29740,BSU_39380,1
BSU_29740,BSU_29120,1
BSU_29740,BSU_29130,1
BSU_29740,BSU_02130,1
BSU_29740,BSU_02140,1
BSU_29740,BSU_04700,1
BSU_29740,BSU_04730,1
BSU_29740,BSU_04720,1
BSU_29740,BSU_04670,1
BSU_29740,BSU_04680,1
BSU_29740,BSU_04740,1
BSU_29740,BSU_04710,1
BSU_29740,BSU_04690,1
BSU_29740,BSU_12320,1
BSU_29740,BSU_12370,1
BSU_29740,BSU_12360,1
BSU_29740,BSU_12340,1
BSU_29740,BSU_12380,1
BSU_29740,BSU_12350,1
BSU_29740,BSU_12330,1
BSU_29740,BSU_12390,1
BSU_29740,BSU_14900,1
BSU_29740,BSU_14920,1
BSU_29740,BSU_14890,1
BSU_29740,BSU_14880,1
BSU_29740,BSU_14930,1
BSU_29740,BSU_14910,1
BSU_29740,BSU_32830,1
BSU_29740,BSU_32840,1
BSU_29740,BSU_32820,1
BSU_29740,BSU_38810,1
BSU_29740,BSU_38820,1
BSU_29740,BSU_39270,1
BSU_29740,BSU_39250,1
BSU_29740,BSU_39260,1
BSU_29740,BSU_28250,1
BSU_29740,BSU_28270,1
BSU_29740,BSU_28280,1
BSU_29740,BSU_28300,1
BSU_29740,BSU_28260,1
BSU_29740,BSU_28310,1
BSU_29740,BSU_28290,1
BSU_29740,BSU_38030,1
BSU_29740,BSU_38040,1
BSU_29740,BSU_38050,1
BSU_29740,BSU_12320,1
BSU_29740,BSU_12310,1
BSU_29740,BSU_12300,1
BSU_29740,BSU_12370,1
BSU_29740,BSU_12360,1
BSU_29740,BSU_12340,1
BSU_29740,BSU_12380,1
BSU_29740,BSU_12350,1
BSU_29740,BSU_12330,1
BSU_29740,BSU_12390,1
BSU_29740,BSU_12430,1
BSU_29740,BSU_12440,1
BSU_29740,BSU_14110,1
BSU_29740,BSU_14120,1
BSU_29740,BSU_14130,1
BSU_29740,BSU_14100,1
BSU_29740,BSU_14140,1
BSU_29740,BSU_28530,1
BSU_29740,BSU_28540,1
BSU_29740,BSU_28560,1
BSU_29740,BSU_28550,1
BSU_29740,BSU_28520,1
BSU_29740,BSU_07620,1
BSU_29740,BSU_07610,1
BSU_29740,BSU_37460,1
BSU_29740,BSU_37470,1
BSU_29740,BSU_28910,1
BSU_29740,BSU_28900,1
BSU_29740,BSU_40050,1
BSU_29740,BSU_40060,1
BSU_29740,BSU_40080,1
BSU_29740,BSU_40070,1
BSU_29740,BSU_27030,1
BSU_29740,BSU_27070,1
BSU_29740,BSU_27050,1
BSU_29740,BSU_27060,1
BSU_29740,BSU_27040,1
BSU_29740,BSU_08090,1
BSU_29740,BSU_08070,1
BSU_29740,BSU_08060,1
BSU_29740,BSU_08080,1
BSU_29740,BSU_07560,1
BSU_29740,BSU_23550,1
BSU_29740,BSU_23560,1
BSU_29740,BSU_14040,1
BSU_29740,BSU_37790,1
BSU_29740,BSU_35500,1
BSU_29740,BSU_35490,1
BSU_29740,BSU_09880,1
BSU_29740,BSU_31190,1
BSU_29740,BSU_31200,1
BSU_29740,BSU_31220,1
BSU_29740,BSU_31210,1
BSU_29740,BSU_31180,1
BSU_29740,BSU_39070,1
BSU_29740,BSU_25840,1
BSU_29740,BSU_29470,1
BSU_29740,BSU_16120,1
BSU_29740,BSU_16100,1
BSU_29740,BSU_16090,1
BSU_29740,BSU_16110,1
BSU_29740,BSU_35020,1
BSU_29740,BSU_35030,1
BSU_29740,BSU_35010,1
BSU_29740,BSU_14140,1
BSU_29740,BSU_15100,1
BSU_29740,BSU_38770,1
BSU_29740,BSU_35080,1
BSU_29740,BSU_35090,1
BSU_29740,BSU_08110,1
BSU_29740,BSU_22100,1
BSU_29740,BSU_22120,1
BSU_29740,BSU_22110,1
BSU_29740,BSU_22090,1
BSU_29740,BSU_05810,1
BSU_29740,BSU_05880,1
BSU_29740,BSU_05870,1
BSU_29740,BSU_05820,1
BSU_29740,BSU_05850,1
BSU_29740,BSU_05830,1
BSU_29740,BSU_05840,1
BSU_29740,BSU_05860,1
BSU_29740,BSU_24170,1
BSU_29740,BSU_24120,1
BSU_29740,BSU_24140,1
BSU_29740,BSU_24130,1
BSU_29740,BSU_24150,1
BSU_29740,BSU_24160,1
BSU_29740,BSU_09300,1
BSU_29740,BSU_29680,1
BSU_29740,BSU_33960,1
BSU_29740,BSU_22550,1
BSU_29740,BSU_22560,1
BSU_29740,BSU_22540,1
BSU_29740,BSU_03770,1
BSU_29740,BSU_03780,1
BSU_29740,BSU_18010,1
BSU_29740,BSU_18000,1
BSU_29740,BSU_25190,1
BSU_29740,BSU_35050,1
BSU_29740,BSU_25880,1
BSU_29740,BSU_25890,1
BSU_29740,BSU_18960,1
BSU_29740,BSU_39330,1
BSU_29740,BSU_10270,1
BSU_29740,BSU_37660,1
BSU_29740,BSU_23120,1
BSU_29740,BSU_23140,1
BSU_29740,BSU_23130,1
BSU_29740,BSU_23110,1
BSU_29740,BSU_23150,1
BSU_29740,BSU_04160,1
BSU_29740,BSU_28800,1
BSU_29740,BSU_28760,1
BSU_29740,BSU_28720,1
BSU_29740,BSU_28780,1
BSU_29740,BSU_28740,1
BSU_29740,BSU_28730,1
BSU_29740,BSU_28770,1
BSU_29740,BSU_28750,1
BSU_29740,BSU_28790,1
BSU_29740,BSU_38200,1
BSU_29740,BSU_38190,1
BSU_29740,BSU_12000,1
BSU_29740,BSU_38730,1
BSU_29740,BSU_38740,1
BSU_29740,BSU_38760,1
BSU_29740,BSU_38750,1
BSU_29740,BSU_19030,1
BSU_29740,BSU_19360,1
BSU_29740,BSU_19370,1
BSU_29740,BSU_06660,1
BSU_29740,BSU_29110,1
BSU_29740,BSU_29100,1
BSU_29740,BSU_34780,1
BSU_29740,BSU_34750,1
BSU_29740,BSU_34760,1
BSU_29740,BSU_34740,1
BSU_29740,BSU_34730,1
BSU_29740,BSU_34770,1
BSU_29740,BSU_27760,1
BSU_29740,BSU_27750,1
BSU_29740,BSU_34200,1
BSU_29740,BSU_35960,1
BSU_29740,BSU_35910,1
BSU_29740,BSU_35940,1
BSU_29740,BSU_35920,1
BSU_29740,BSU_35930,1
BSU_29740,BSU_35950,1
BSU_29740,BSU_38980,1
BSU_29740,BSU_38990,1
BSU_29740,BSU_39000,1
BSU_29740,BSU_38970,1
BSU_29740,BSU_07810,1
BSU_29740,BSU_07800,1
BSU_29740,BSU_07820,1
BSU_29740,BSU_29630,1
BSU_29740,BSU_30280,1
BSU_29740,BSU_30290,1
BSU_29740,BSU_30260,1
BSU_29740,BSU_30270,1
BSU_29740,BSU_30300,1
BSU_29740,BSU_28810,1
BSU_29740,BSU_40310,1
BSU_29740,BSU_40300,1
BSU_29740,BSU_07840,1
BSU_29740,BSU_09280,1
BSU_29740,BSU_09290,1
BSU_29740,BSU_22130,1
BSU_29740,BSU_22140,1
BSU_29740,BSU_04470,1
BSU_29740,BSU_28510,1
BSU_29740,BSU_39750,1
BSU_29740,BSU_39710,1
BSU_29740,BSU_39670,1
BSU_29740,BSU_39680,1
BSU_29740,BSU_39760,1
BSU_29740,BSU_39700,1
BSU_29740,BSU_39730,1
BSU_29740,BSU_39740,1
BSU_29740,BSU_39720,1
BSU_29740,BSU_39690,1
BSU_29740,BSU_29710,1
BSU_29740,BSU_29690,1
BSU_29740,BSU_29700,1
BSU_29740,BSU_10770,1
BSU_29740,BSU_17580,1
BSU_29740,BSU_17570,1
BSU_29740,BSU_17600,1
BSU_29740,BSU_17610,1
BSU_29740,BSU_03040,1
BSU_29740,BSU_38590,1
BSU_29740,BSU_38580,1
BSU_29740,BSU_38560,1
BSU_29740,BSU_38570,1
BSU_29740,BSU_28700,1
BSU_29740,BSU_28710,1
BSU_29740,BSU_29120,1
BSU_29740,BSU_29140,1
BSU_29740,BSU_29130,1
BSU_29740,BSU_23500,1
BSU_29740,BSU_23490,1
BSU_29740,BSU_08190,1
BSU_29740,BSU_08180,1
BSU_29740,BSU_08200,1
BSU_29740,BSU_08110,1
BSU_29740,BSU_08100,1
BSU_29740,BSU_39410,1
BSU_29740,BSU_39420,1
BSU_29740,BSU_39400,1
BSU_29740,BSU_19410,1
BSU_29740,BSU_20850,1
BSU_29740,BSU_22570,1
BSU_29740,BSU_06950,1
BSU_29740,BSU_06940,1
BSU_29740,BSU_06960,1
BSU_29740,BSU_34140,1
BSU_29740,BSU_34150,1
BSU_29740,BSU_34120,1
BSU_29740,BSU_34160,1
BSU_29740,BSU_34130,1
BSU_29740,BSU_29680,1
BSU_29740,BSU_29670,1
BSU_29740,BSU_23070,1
BSU_29740,BSU_06990,1
BSU_29740,BSU_07060,1
BSU_29740,BSU_06980,1
BSU_29740,BSU_07080,1
BSU_29740,BSU_07070,1
BSU_29740,BSU_07020,1
BSU_29740,BSU_07050,1
BSU_29740,BSU_07000,1
BSU_29740,BSU_07040,1
BSU_29740,BSU_06970,1
BSU_29740,BSU_07010,1
BSU_29740,BSU_07030,1
BSU_29740,BSU_07060,1
BSU_29740,BSU_07080,1
BSU_29740,BSU_07070,1
BSU_29740,BSU_07050,1
BSU_29660,BSU_29660,1
BSU_29400,BSU_29290,1
BSU_29400,BSU_29360,1
BSU_29400,BSU_29300,1
BSU_29400,BSU_29310,1
BSU_29400,BSU_29280,1
BSU_29400,BSU_29380,1
BSU_29400,BSU_29370,1
BSU_29400,BSU_29350,1
BSU_29400,BSU_29340,1
BSU_29400,BSU_29390,1
BSU_29400,BSU_29330,1
BSU_29400,BSU_29320,1
BSU_29300,BSU_23050,1
BSU_29300,BSU_23250,1
BSU_29300,BSU_23280,1
BSU_29300,BSU_23270,1
BSU_29300,BSU_23240,1
BSU_29300,BSU_23260,1
BSU_29110,BSU_24950,1
BSU_29110,BSU_24960,1
BSU_29110,BSU_24970,1
BSU_29110,BSU_24980,1
BSU_29110,BSU_24990,1
BSU_29110,BSU_02130,1
BSU_29110,BSU_02140,1
BSU_29110,BSU_02620,1
BSU_29110,BSU_02640,1
BSU_29110,BSU_02630,1
BSU_29110,BSU_35609,1
BSU_29110,BSU_35600,1
BSU_29110,BSU_35610,1
BSU_29110,BSU_35550,1
BSU_29110,BSU_35560,1
BSU_29110,BSU_35540,1
BSU_29110,BSU_35590,1
BSU_29110,BSU_35570,1
BSU_29110,BSU_35580,1
BSU_29110,BSU_32540,1
BSU_29110,BSU_09410,1
BSU_29110,BSU_40270,1
BSU_29110,BSU_40260,1
BSU_29110,BSU_40280,1
BSU_29110,BSU_39100,1
BSU_29110,BSU_13320,1
BSU_29110,BSU_13330,1
BSU_29110,BSU_06250,1
BSU_29110,BSU_03510,1
BSU_29110,BSU_03490,1
BSU_29110,BSU_03500,1
BSU_29110,BSU_03480,1
BSU_29110,BSU_03520,1
BSU_29110,BSU_35750,1
BSU_29110,BSU_35760,1
BSU_29110,BSU_18920,1
BSU_29110,BSU_18910,1
BSU_29110,BSU_23120,1
BSU_29110,BSU_23140,1
BSU_29110,BSU_23130,1
BSU_29110,BSU_23110,1
BSU_29110,BSU_23150,1
BSU_29110,BSU_29110,1
BSU_29110,BSU_29100,1
BSU_29110,BSU_11990,1
BSU_29110,BSU_35310,1
BSU_29110,BSU_07810,1
BSU_29110,BSU_07800,1
BSU_29110,BSU_07820,1
BSU_29110,BSU_29630,1
BSU_29110,BSU_35700,1
BSU_29110,BSU_35710,1
BSU_29110,BSU_35740,1
BSU_29110,BSU_35730,1
BSU_29110,BSU_35720,1
BSU_29110,BSU_07840,1
BSU_29110,BSU_05740,1
BSU_29110,BSU_05730,1
BSU_29110,BSU_38090,1
BSU_29110,BSU_01935,1
BSU_29110,BSU_01970,1
BSU_29110,BSU_01950,1
BSU_29110,BSU_01960,1
BSU_29110,BSU_01910,1
BSU_29110,BSU_01980,1
BSU_29110,BSU_01920,1
BSU_29110,BSU_06250,1
BSU_29110,BSU_06260,1
BSU_29000,BSU_17370,1
BSU_29000,BSU_17380,1
BSU_29000,BSU_17400,1
BSU_29000,BSU_17390,1
BSU_28920,BSU_28910,1
BSU_28920,BSU_28900,1
BSU_28850,BSU_28840,1
BSU_28850,BSU_28860,1
BSU_28850,BSU_28850,1
BSU_28850,BSU_28870,1
BSU_28550,BSU_32830,1
BSU_28550,BSU_32840,1
BSU_28550,BSU_32820,1
BSU_28550,BSU_28530,1
BSU_28550,BSU_28540,1
BSU_28550,BSU_28560,1
BSU_28550,BSU_28550,1
BSU_28550,BSU_28520,1
BSU_28550,BSU_14071,1
BSU_28550,BSU_14072,1
BSU_28550,BSU_14060,1
BSU_28550,BSU_10270,1
BSU_28550,BSU_32830,1
BSU_28550,BSU_32840,1
BSU_28550,BSU_32820,1
BSU_28550,BSU_32850,1
BSU_28550,BSU_37160,1
BSU_28550,BSU_37170,1
BSU_28550,BSU_37180,1
BSU_28410,BSU_36050,1
BSU_28410,BSU_36040,1
BSU_28410,BSU_36060,1
BSU_28410,BSU_30860,1
BSU_28410,BSU_30880,1
BSU_28410,BSU_30870,1
BSU_28410,BSU_11770,1
BSU_28410,BSU_11780,1
BSU_28410,BSU_11760,1
BSU_28410,BSU_11750,1
BSU_28410,BSU_11740,1
BSU_28410,BSU_25760,1
BSU_28410,BSU_17030,1
BSU_28410,BSU_04110,1
BSU_28410,BSU_31270,1
BSU_28410,BSU_17700,1
BSU_28410,BSU_36070,1
BSU_28410,BSU_07310,1
BSU_28410,BSU_07290,1
BSU_28410,BSU_07280,1
BSU_28410,BSU_07270,1
BSU_28410,BSU_07300,1
BSU_28410,BSU_10900,1
BSU_28410,BSU_32640,1
BSU_28410,BSU_06300,1
BSU_28410,BSU_17970,1
BSU_28410,BSU_12090,1
BSU_28410,BSU_15950,1
BSU_28410,BSU_09958,1
BSU_28410,BSU_11760,1
BSU_28410,BSU_22200,1
BSU_28410,BSU_10610,1
BSU_28410,BSU_10600,1
BSU_28410,BSU_39580,1
BSU_28410,BSU_11320,1
BSU_28410,BSU_06850,1
BSU_28410,BSU_18670,1
BSU_28410,BSU_19750,1
BSU_28410,BSU_19770,1
BSU_28410,BSU_19760,1
BSU_28410,BSU_30910,1
BSU_28410,BSU_30890,1
BSU_28410,BSU_30900,1
BSU_28410,BSU_17310,1
BSU_28410,BSU_37910,1
BSU_28410,BSU_37860,1
BSU_28410,BSU_37880,1
BSU_28410,BSU_37890,1
BSU_28410,BSU_37820,1
BSU_28410,BSU_37840,1
BSU_28410,BSU_37830,1
BSU_28410,BSU_37850,1
BSU_28410,BSU_37900,1
BSU_28410,BSU_37870,1
BSU_28410,BSU_37810,1
BSU_28410,BSU_14980,1
BSU_28410,BSU_14970,1
BSU_28410,BSU_17670,1
BSU_28410,BSU_32640,1
BSU_28410,BSU_32650,1
BSU_28410,BSU_19810,1
BSU_28410,BSU_25710,1
BSU_28410,BSU_05560,1
BSU_28410,BSU_05570,1
BSU_28410,BSU_05550,1
BSU_28410,BSU_28320,1
BSU_28410,BSU_10700,1
BSU_28410,BSU_10680,1
BSU_28410,BSU_10710,1
BSU_28410,BSU_10670,1
BSU_28410,BSU_10720,1
BSU_28410,BSU_10690,1
BSU_28410,BSU_22250,1
BSU_28410,BSU_34520,1
BSU_28410,BSU_19490,1
BSU_28410,BSU_19790,1
BSU_28410,BSU_19780,1
BSU_28410,BSU_26390,1
BSU_28410,BSU_13789,1
BSU_27910,BSU_03790,1
BSU_27910,BSU_32260,1
BSU_27910,BSU_32240,1
BSU_27910,BSU_32250,1
BSU_27890,BSU_27860,1
BSU_27890,BSU_27870,1
BSU_27890,BSU_27850,1
BSU_27890,BSU_02950,1
BSU_27890,BSU_27890,1
BSU_27890,BSU_27880,1
BSU_27520,BSU_39520,1
BSU_27520,BSU_39460,1
BSU_27520,BSU_39470,1
BSU_27520,BSU_39500,1
BSU_27520,BSU_39510,1
BSU_27520,BSU_39480,1
BSU_27520,BSU_39490,1
BSU_27520,BSU_09130,1
BSU_27520,BSU_00730,1
BSU_27520,BSU_29290,1
BSU_27520,BSU_29360,1
BSU_27520,BSU_29300,1
BSU_27520,BSU_29310,1
BSU_27520,BSU_29280,1
BSU_27520,BSU_29380,1
BSU_27520,BSU_29370,1
BSU_27520,BSU_29350,1
BSU_27520,BSU_29340,1
BSU_27520,BSU_29390,1
BSU_27520,BSU_29330,1
BSU_27520,BSU_29320,1
BSU_27520,BSU_27240,1
BSU_27520,BSU_27250,1
BSU_27520,BSU_27270,1
BSU_27520,BSU_27280,1
BSU_27520,BSU_27260,1
BSU_27520,BSU_08830,1
BSU_27520,BSU_08850,1
BSU_27520,BSU_08870,1
BSU_27520,BSU_08860,1
BSU_27520,BSU_08840,1
BSU_27520,BSU_29400,1
BSU_27520,BSU_07190,1
BSU_27520,BSU_07200,1
BSU_27520,BSU_15600,1
BSU_27520,BSU_15570,1
BSU_27520,BSU_15580,1
BSU_27520,BSU_15590,1
BSU_27520,BSU_15630,1
BSU_27520,BSU_15610,1
BSU_27520,BSU_15620,1
BSU_27520,BSU_04520,1
BSU_27170,BSU_27170,1
BSU_27170,BSU_27160,1
BSU_27080,BSU_27030,1
BSU_27080,BSU_27070,1
BSU_27080,BSU_27050,1
BSU_27080,BSU_27060,1
BSU_27080,BSU_27040,1
BSU_27000,BSU_27020,1
BSU_27000,BSU_27020,1
BSU_27000,BSU_27010,1
BSU_26720,BSU_26680,1
BSU_26720,BSU_26700,1
BSU_26720,BSU_26690,1
BSU_26720,BSU_26710,1
BSU_26720,BSU_26720,1
BSU_26670,BSU_26670,1
BSU_26580,BSU_26600,1
BSU_26580,BSU_26590,1
BSU_26430,BSU_26430,1
BSU_26430,BSU_26420,1
BSU_26430,BSU_26410,1
BSU_26430,BSU_12880,1
BSU_26430,BSU_12890,1
BSU_26430,BSU_26450,1
BSU_26430,BSU_26440,1
BSU_26350,BSU_26330,1
BSU_26350,BSU_26320,1
BSU_26350,BSU_26340,1
BSU_26350,BSU_26250,1
BSU_26350,BSU_26300,1
BSU_26350,BSU_26280,1
BSU_26350,BSU_26259,1
BSU_26350,BSU_26270,1
BSU_26350,BSU_26290,1
BSU_26350,BSU_26260,1
BSU_26350,BSU_26310,1
BSU_25810,BSU_25800,1
BSU_25810,BSU_25810,1
BSU_25810,BSU_25790,1
BSU_25810,BSU_25780,1
BSU_25490,BSU_25490,1
BSU_25490,BSU_25470,1
BSU_25490,BSU_25430,1
BSU_25490,BSU_25450,1
BSU_25490,BSU_25460,1
BSU_25490,BSU_25480,1
BSU_25490,BSU_25440,1
BSU_25490,BSU_06020,1
BSU_25490,BSU_06030,1
BSU_25250,BSU_29020,1
BSU_25250,BSU_29010,1
BSU_25250,BSU_14629,1
BSU_25250,BSU_30560,1
BSU_25250,BSU_21820,1
BSU_25250,BSU_21810,1
BSU_29740,BSU_28460,1
BSU_25100,BSU_03360,1
BSU_25100,BSU_03359,1
BSU_25100,BSU_03350,1
BSU_25100,BSU_03360,1
BSU_25100,BSU_03340,1
BSU_25100,BSU_03359,1
BSU_25100,BSU_26830,1
BSU_25100,BSU_02860,1
BSU_25100,BSU_02850,1
BSU_25100,BSU_02870,1
BSU_25100,BSU_30700,1
BSU_25100,BSU_08880,1
BSU_24770,BSU_24770,1
BSU_24610,BSU_35640,1
BSU_24610,BSU_35620,1
BSU_24610,BSU_35630,1
BSU_24610,BSU_34040,1
BSU_24610,BSU_34030,1
BSU_24610,BSU_34050,1
BSU_24610,BSU_24600,1
BSU_24610,BSU_24610,1
BSU_24610,BSU_15310,1
BSU_24610,BSU_15320,1
BSU_24610,BSU_15330,1
BSU_24610,BSU_35500,1
BSU_24610,BSU_35490,1
BSU_24610,BSU_24630,1
BSU_24610,BSU_24640,1
BSU_24610,BSU_24620,1
BSU_24610,BSU_14240,1
BSU_24610,BSU_10300,1
BSU_24610,BSU_00490,1
BSU_24610,BSU_23470,1
BSU_24610,BSU_23460,1
BSU_24610,BSU_23450,1
BSU_24610,BSU_38400,1
BSU_24610,BSU_34390,1
BSU_24610,BSU_34380,1
BSU_24610,BSU_40310,1
BSU_24610,BSU_40300,1
BSU_24610,BSU_31322,1
BSU_24610,BSU_31321,1
BSU_24610,BSU_09370,1
BSU_24610,BSU_34230,1
BSU_24610,BSU_34340,1
BSU_24610,BSU_34240,1
BSU_24610,BSU_34280,1
BSU_24610,BSU_34220,1
BSU_24610,BSU_34330,1
BSU_24610,BSU_34350,1
BSU_24610,BSU_34265,1
BSU_24610,BSU_34290,1
BSU_24610,BSU_34360,1
BSU_24610,BSU_34300,1
BSU_24610,BSU_34310,1
BSU_24610,BSU_34250,1
BSU_24610,BSU_34320,1
BSU_24610,BSU_34370,1
BSU_24610,BSU_33400,1
BSU_24610,BSU_38360,1
BSU_24610,BSU_31460,1
BSU_24610,BSU_31450,1
BSU_24520,BSU_04360,1
BSU_24520,BSU_30750,1
BSU_24520,BSU_30770,1
BSU_24520,BSU_30760,1
BSU_24520,BSU_30740,1
BSU_24520,BSU_05470,1
BSU_24520,BSU_06320,1
BSU_24250,BSU_40340,1
BSU_24250,BSU_40330,1
BSU_24250,BSU_40320,1
BSU_24250,BSU_37790,1
BSU_24250,BSU_37780,1
BSU_24250,BSU_37760,1
BSU_24250,BSU_37770,1
BSU_24250,BSU_11200,1
BSU_24250,BSU_11250,1
BSU_24250,BSU_11230,1
BSU_24250,BSU_11190,1
BSU_24250,BSU_11240,1
BSU_24250,BSU_11220,1
BSU_24250,BSU_11210,1
BSU_24250,BSU_29440,1
BSU_24250,BSU_29450,1
BSU_24220,BSU_36230,1
BSU_24220,BSU_36250,1
BSU_24220,BSU_36260,1
BSU_24220,BSU_36240,1
BSU_24220,BSU_39870,1
BSU_24220,BSU_39880,1
BSU_24220,BSU_16180,1
BSU_24220,BSU_16310,1
BSU_24220,BSU_16300,1
BSU_24220,BSU_16320,1
BSU_24220,BSU_16330,1
BSU_24220,BSU_16299,1
BSU_24220,BSU_16480,1
BSU_24220,BSU_16240,1
BSU_24220,BSU_16270,1
BSU_24220,BSU_16230,1
BSU_24220,BSU_16250,1
BSU_24220,BSU_16380,1
BSU_24220,BSU_16430,1
BSU_24220,BSU_16350,1
BSU_24220,BSU_16470,1
BSU_24220,BSU_16200,1
BSU_24220,BSU_16280,1
BSU_24220,BSU_16440,1
BSU_24220,BSU_16220,1
BSU_24220,BSU_16390,1
BSU_24220,BSU_16370,1
BSU_24220,BSU_16360,1
BSU_24220,BSU_16420,1
BSU_24220,BSU_16400,1
BSU_24220,BSU_16460,1
BSU_24220,BSU_16340,1
BSU_24220,BSU_16190,1
BSU_24220,BSU_16410,1
BSU_24220,BSU_16290,1
BSU_24220,BSU_16450,1
BSU_24220,BSU_16260,1
BSU_24220,BSU_16210,1
BSU_24220,BSU_40340,1
BSU_24220,BSU_40330,1
BSU_24220,BSU_40320,1
BSU_24220,BSU_24600,1
BSU_24220,BSU_24610,1
BSU_24220,BSU_12430,1
BSU_24220,BSU_12440,1
BSU_24220,BSU_14110,1
BSU_24220,BSU_14120,1
BSU_24220,BSU_14130,1
BSU_24220,BSU_14100,1
BSU_24220,BSU_14140,1
BSU_24220,BSU_35260,1
BSU_24220,BSU_35250,1
BSU_24220,BSU_15310,1
BSU_24220,BSU_15320,1
BSU_24220,BSU_15330,1
BSU_24220,BSU_10420,1
BSU_24220,BSU_16310,1
BSU_24220,BSU_16300,1
BSU_24220,BSU_16320,1
BSU_24220,BSU_16330,1
BSU_24220,BSU_16299,1
BSU_24220,BSU_16480,1
BSU_24220,BSU_16270,1
BSU_24220,BSU_16380,1
BSU_24220,BSU_16430,1
BSU_24220,BSU_16350,1
BSU_24220,BSU_16470,1
BSU_24220,BSU_16280,1
BSU_24220,BSU_16440,1
BSU_24220,BSU_16390,1
BSU_24220,BSU_16370,1
BSU_24220,BSU_16360,1
BSU_24220,BSU_16420,1
BSU_24220,BSU_16400,1
BSU_24220,BSU_16460,1
BSU_24220,BSU_16340,1
BSU_24220,BSU_16410,1
BSU_24220,BSU_16290,1
BSU_24220,BSU_16450,1
BSU_24220,BSU_16260,1
BSU_24220,BSU_38510,1
BSU_24220,BSU_38540,1
BSU_24220,BSU_38499,1
BSU_24220,BSU_38500,1
BSU_24220,BSU_38520,1
BSU_24220,BSU_38530,1
BSU_24220,BSU_35510,1
BSU_24220,BSU_35520,1
BSU_24220,BSU_17900,1
BSU_24220,BSU_17910,1
BSU_24220,BSU_24220,1
BSU_24220,BSU_40970,1
BSU_24220,BSU_40960,1
BSU_24220,BSU_22270,1
BSU_24220,BSU_22280,1
BSU_24220,BSU_15400,1
BSU_24220,BSU_15380,1
BSU_24220,BSU_15410,1
BSU_24220,BSU_15390,1
BSU_24220,BSU_15370,1
BSU_24220,BSU_19640,1
BSU_24220,BSU_07460,1
BSU_24220,BSU_07450,1
BSU_24220,BSU_00370,1
BSU_24220,BSU_33760,1
BSU_24220,BSU_33750,1
BSU_24220,BSU_33770,1
BSU_24220,BSU_00640,1
BSU_24220,BSU_12850,1
BSU_24220,BSU_12840,1
BSU_24220,BSU_29200,1
BSU_24220,BSU_29210,1
BSU_24220,BSU_26050,1
BSU_24220,BSU_14240,1
BSU_24220,BSU_37130,1
BSU_24220,BSU_25880,1
BSU_24220,BSU_25890,1
BSU_24220,BSU_27370,1
BSU_24220,BSU_03200,1
BSU_24220,BSU_03210,1
BSU_24220,BSU_03220,1
BSU_24220,BSU_11300,1
BSU_24220,BSU_11310,1
BSU_24220,BSU_23470,1
BSU_24220,BSU_23460,1
BSU_24220,BSU_23450,1
BSU_24220,BSU_00010,1
BSU_24220,BSU_00020,1
BSU_24220,BSU_14510,1
BSU_24220,BSU_14500,1
BSU_24220,BSU_14490,1
BSU_24220,BSU_38400,1
BSU_24220,BSU_19210,1
BSU_24220,BSU_29630,1
BSU_24220,BSU_38110,1
BSU_24220,BSU_38100,1
BSU_24220,BSU_24940,1
BSU_24220,BSU_24930,1
BSU_24220,BSU_25870,1
BSU_24220,BSU_25860,1
BSU_24220,BSU_15420,1
BSU_24220,BSU_17890,1
BSU_24220,BSU_31740,1
BSU_24220,BSU_32770,1
BSU_24220,BSU_32760,1
BSU_24220,BSU_00380,1
BSU_24220,BSU_01935,1
BSU_24220,BSU_01970,1
BSU_24220,BSU_01950,1
BSU_24220,BSU_01960,1
BSU_24220,BSU_01910,1
BSU_24220,BSU_01980,1
BSU_24220,BSU_01920,1
BSU_24220,BSU_13990,1
BSU_24220,BSU_37030,1
BSU_24220,BSU_09420,1
BSU_24220,BSU_25200,1
BSU_24220,BSU_25230,1
BSU_24220,BSU_25210,1
BSU_24220,BSU_06580,1
BSU_24220,BSU_06570,1
BSU_24220,BSU_00110,1
BSU_24220,BSU_00120,1
BSU_24220,BSU_10750,1
BSU_24220,BSU_10760,1
BSU_24220,BSU_00390,1
BSU_24220,BSU_00380,1
BSU_24220,BSU_36750,1
BSU_24100,BSU_24090,1
BSU_24100,BSU_24060,1
BSU_24100,BSU_24030,1
BSU_24100,BSU_24070,1
BSU_24100,BSU_24050,1
BSU_24100,BSU_24040,1
BSU_24100,BSU_24080,1
BSU_24020,BSU_24020,1
BSU_24020,BSU_24010,1
BSU_23880,BSU_23890,1
BSU_23880,BSU_23880,1
BSU_23590,BSU_23570,1
BSU_23590,BSU_23580,1
BSU_23590,BSU_23550,1
BSU_23590,BSU_23560,1
BSU_23590,BSU_23590,1
BSU_23520,BSU_03280,1
BSU_23520,BSU_03320,1
BSU_23520,BSU_03290,1
BSU_23520,BSU_03310,1
BSU_23520,BSU_03300,1
BSU_23520,BSU_14150,1
BSU_23520,BSU_14160,1
BSU_23520,BSU_14170,1
BSU_23520,BSU_04530,1
BSU_23520,BSU_04536,1
BSU_23520,BSU_18450,1
BSU_23520,BSU_18440,1
BSU_23520,BSU_08440,1
BSU_23520,BSU_38260,1
BSU_23520,BSU_38280,1
BSU_23520,BSU_38270,1
BSU_23520,BSU_07530,1
BSU_23520,BSU_07520,1
BSU_23520,BSU_32010,1
BSU_23520,BSU_07520,1
BSU_23520,BSU_07500,1
BSU_23520,BSU_07510,1
BSU_23520,BSU_07490,1
BSU_23520,BSU_18630,1
BSU_23520,BSU_03820,1
BSU_23520,BSU_03800,1
BSU_23520,BSU_03830,1
BSU_23520,BSU_03810,1
BSU_23520,BSU_01640,1
BSU_23520,BSU_01630,1
BSU_23520,BSU_01620,1
BSU_23520,BSU_01600,1
BSU_23520,BSU_01610,1
BSU_23520,BSU_03270,1
BSU_23520,BSU_37220,1
BSU_23520,BSU_04470,1
BSU_23520,BSU_31990,1
BSU_23520,BSU_31970,1
BSU_23520,BSU_32000,1
BSU_23520,BSU_31960,1
BSU_23520,BSU_31980,1
BSU_23520,BSU_31959,1
BSU_23520,BSU_07850,1
BSU_23520,BSU_33320,1
BSU_23520,BSU_05899,1
BSU_23520,BSU_39610,1
BSU_23520,BSU_07150,1
BSU_23520,BSU_33310,1
BSU_23520,BSU_33290,1
BSU_23520,BSU_33300,1
BSU_23520,BSU_22036,1
BSU_23520,BSU_08480,1
BSU_23520,BSU_10330,1
BSU_23520,BSU_05899,1
BSU_23520,BSU_05890,1
BSU_23520,BSU_08460,1
BSU_23520,BSU_08450,1
BSU_23520,BSU_13360,1
BSU_23520,BSU_37240,1
BSU_23520,BSU_37220,1
BSU_23520,BSU_37230,1
BSU_23520,BSU_32940,1
BSU_23520,BSU_32930,1
BSU_23520,BSU_13850,1
BSU_23520,BSU_08240,1
BSU_23520,BSU_08230,1
BSU_23120,BSU_14900,1
BSU_23120,BSU_14920,1
BSU_23120,BSU_14890,1
BSU_23120,BSU_14880,1
BSU_23120,BSU_14930,1
BSU_23120,BSU_14910,1
BSU_23120,BSU_03280,1
BSU_23120,BSU_03320,1
BSU_23120,BSU_03290,1
BSU_23120,BSU_03310,1
BSU_23120,BSU_03300,1
BSU_23120,BSU_14150,1
BSU_23120,BSU_14160,1
BSU_23120,BSU_14170,1
BSU_23120,BSU_17370,1
BSU_23120,BSU_17380,1
BSU_23120,BSU_17400,1
BSU_23120,BSU_17390,1
BSU_23120,BSU_03760,1
BSU_23120,BSU_03750,1
BSU_23120,BSU_37310,1
BSU_23120,BSU_22550,1
BSU_23120,BSU_22560,1
BSU_23120,BSU_22540,1
BSU_23120,BSU_37390,1
BSU_23120,BSU_37430,1
BSU_23120,BSU_37360,1
BSU_23120,BSU_37350,1
BSU_23120,BSU_37410,1
BSU_23120,BSU_37420,1
BSU_23120,BSU_37380,1
BSU_23120,BSU_37400,1
BSU_23120,BSU_37370,1
BSU_23120,BSU_23120,1
BSU_23120,BSU_23140,1
BSU_23120,BSU_23130,1
BSU_23120,BSU_23110,1
BSU_23120,BSU_23150,1
BSU_23120,BSU_13040,1
BSU_23120,BSU_38730,1
BSU_23120,BSU_38740,1
BSU_23120,BSU_38760,1
BSU_23120,BSU_38750,1
BSU_23120,BSU_14870,1
BSU_23120,BSU_09280,1
BSU_23120,BSU_09290,1
BSU_23120,BSU_12290,1
BSU_23120,BSU_12280,1
BSU_23120,BSU_38130,1
BSU_23120,BSU_13360,1
BSU_22770,BSU_22660,1
BSU_22770,BSU_22630,1
BSU_22770,BSU_22680,1
BSU_22770,BSU_22670,1
BSU_22770,BSU_22620,1
BSU_22770,BSU_22640,1
BSU_22770,BSU_22650,1
BSU_22770,BSU_22600,1
BSU_22770,BSU_22610,1
BSU_22770,BSU_22660,1
BSU_22770,BSU_22630,1
BSU_22770,BSU_22680,1
BSU_22770,BSU_22670,1
BSU_22770,BSU_22640,1
BSU_22770,BSU_22650,1
BSU_22440,BSU_10370,1
BSU_22440,BSU_10360,1
BSU_22440,BSU_10340,1
BSU_22440,BSU_10350,1
BSU_22440,BSU_30180,1
BSU_22440,BSU_30200,1
BSU_22440,BSU_30230,1
BSU_22440,BSU_30220,1
BSU_22440,BSU_30190,1
BSU_22440,BSU_30240,1
BSU_22440,BSU_30210,1
BSU_22440,BSU_10340,1
BSU_22440,BSU_32030,1
BSU_22120,BSU_22100,1
BSU_22120,BSU_22120,1
BSU_22120,BSU_22110,1
BSU_22120,BSU_22090,1
BSU_22120,BSU_22130,1
BSU_22120,BSU_22140,1
BSU_20790,BSU_19900,1
BSU_20790,BSU_19830,1
BSU_20790,BSU_19850,1
BSU_20790,BSU_19820,1
BSU_20790,BSU_19920,1
BSU_20790,BSU_19880,1
BSU_20790,BSU_19910,1
BSU_20790,BSU_19930,1
BSU_20790,BSU_19870,1
BSU_20790,BSU_19970,1
BSU_20790,BSU_19940,1
BSU_20790,BSU_19860,1
BSU_20790,BSU_19890,1
BSU_20790,BSU_20850,1
BSU_20790,BSU_20860,1
BSU_19540,BSU_08240,1
BSU_19540,BSU_08230,1
BSU_19540,BSU_19230,1
BSU_19540,BSU_19540,1
BSU_19540,BSU_19550,1
BSU_19200,BSU_19180,1
BSU_19120,BSU_33490,1
BSU_19120,BSU_26640,1
BSU_19120,BSU_26650,1
BSU_18460,BSU_18450,1
BSU_18460,BSU_18440,1
BSU_18460,BSU_18460,1
BSU_18420,BSU_14860,1
BSU_18420,BSU_14850,1
BSU_18000,BSU_28410,1
BSU_18000,BSU_38140,1
BSU_18000,BSU_38170,1
BSU_18000,BSU_38160,1
BSU_18000,BSU_38150,1
BSU_18000,BSU_29120,1
BSU_18000,BSU_29140,1
BSU_18000,BSU_29130,1
BSU_17850,BSU_01520,1
BSU_17850,BSU_01530,1
BSU_17850,BSU_40350,1
BSU_17850,BSU_21520,1
BSU_17850,BSU_16940,1
BSU_17850,BSU_18950,1
BSU_17850,BSU_18940,1
BSU_17850,BSU_18930,1
BSU_17850,BSU_22790,1
BSU_17850,BSU_20440,1
BSU_17850,BSU_20430,1
BSU_17850,BSU_06060,1
BSU_17850,BSU_06070,1
BSU_17850,BSU_23720,1
BSU_17850,BSU_18090,1
BSU_17850,BSU_18100,1
BSU_17850,BSU_05630,1
BSU_17850,BSU_21510,1
BSU_17850,BSU_21500,1
BSU_17850,BSU_18960,1
BSU_17850,BSU_10480,1
BSU_17850,BSU_10490,1
BSU_17850,BSU_12500,1
BSU_17850,BSU_13800,1
BSU_17850,BSU_35160,1
BSU_17850,BSU_35170,1
BSU_17850,BSU_10470,1
BSU_17850,BSU_09810,1
BSU_17850,BSU_25690,1
BSU_17850,BSU_23300,1
BSU_17850,BSU_05650,1
BSU_17850,BSU_05640,1
BSU_17850,BSU_17850,1
BSU_17850,BSU_09910,1
BSU_17850,BSU_09930,1
BSU_17850,BSU_09920,1
BSU_17850,BSU_24740,1
BSU_17850,BSU_17260,1
BSU_17850,BSU_38090,1
BSU_17850,BSU_28490,1
BSU_17850,BSU_17880,1
BSU_17850,BSU_17870,1
BSU_17850,BSU_17860,1
BSU_17850,BSU_24750,1
BSU_17850,BSU_27740,1
BSU_17850,BSU_27730,1
BSU_17850,BSU_35770,1
BSU_17850,BSU_29220,1
BSU_17850,BSU_29230,1
BSU_17850,BSU_06620,1
BSU_17850,BSU_06600,1
BSU_17850,BSU_06630,1
BSU_17850,BSU_06610,1
BSU_17850,BSU_23650,1
BSU_17850,BSU_23670,1
BSU_17850,BSU_23690,1
BSU_17850,BSU_23700,1
BSU_17850,BSU_23680,1
BSU_17850,BSU_23660,1
BSU_17850,BSU_23710,1
BSU_17590,BSU_17580,1
BSU_17590,BSU_17570,1
BSU_17590,BSU_17600,1
BSU_17590,BSU_17610,1
BSU_17450,BSU_17450,1
BSU_17450,BSU_17460,1
BSU_17450,BSU_36660,1
BSU_17450,BSU_36650,1
BSU_17450,BSU_36640,1
BSU_17450,BSU_13310,1
BSU_17450,BSU_17450,1
BSU_17450,BSU_18120,1
BSU_16600,BSU_16640,1
BSU_16600,BSU_16630,1
BSU_16600,BSU_16620,1
BSU_16600,BSU_16600,1
BSU_16600,BSU_16590,1
BSU_16600,BSU_16650,1
BSU_16600,BSU_16610,1
BSU_16490,BSU_16490,1
BSU_16170,BSU_39390,1
BSU_16170,BSU_39340,1
BSU_16170,BSU_39370,1
BSU_16170,BSU_39350,1
BSU_16170,BSU_39360,1
BSU_16170,BSU_39380,1
BSU_16170,BSU_24090,1
BSU_16170,BSU_24060,1
BSU_16170,BSU_24030,1
BSU_16170,BSU_24070,1
BSU_16170,BSU_24050,1
BSU_16170,BSU_24040,1
BSU_16170,BSU_24080,1
BSU_16170,BSU_32730,1
BSU_16170,BSU_32750,1
BSU_16170,BSU_32740,1
BSU_16170,BSU_39870,1
BSU_16170,BSU_39880,1
BSU_16170,BSU_16180,1
BSU_16170,BSU_16310,1
BSU_16170,BSU_16300,1
BSU_16170,BSU_16320,1
BSU_16170,BSU_16330,1
BSU_16170,BSU_16299,1
BSU_16170,BSU_16480,1
BSU_16170,BSU_16240,1
BSU_16170,BSU_16270,1
BSU_16170,BSU_16230,1
BSU_16170,BSU_16250,1
BSU_16170,BSU_16380,1
BSU_16170,BSU_16430,1
BSU_16170,BSU_16350,1
BSU_16170,BSU_16470,1
BSU_16170,BSU_16200,1
BSU_16170,BSU_16280,1
BSU_16170,BSU_16440,1
BSU_16170,BSU_16220,1
BSU_16170,BSU_16390,1
BSU_16170,BSU_16370,1
BSU_16170,BSU_16360,1
BSU_16170,BSU_16420,1
BSU_16170,BSU_16400,1
BSU_16170,BSU_16460,1
BSU_16170,BSU_16340,1
BSU_16170,BSU_16190,1
BSU_16170,BSU_16410,1
BSU_16170,BSU_16290,1
BSU_16170,BSU_16450,1
BSU_16170,BSU_16260,1
BSU_16170,BSU_16210,1
BSU_16170,BSU_12930,1
BSU_16170,BSU_12950,1
BSU_16170,BSU_12960,1
BSU_16170,BSU_12920,1
BSU_16170,BSU_12940,1
BSU_16170,BSU_40340,1
BSU_16170,BSU_40330,1
BSU_16170,BSU_40320,1
BSU_16170,BSU_21770,1
BSU_16170,BSU_21760,1
BSU_16170,BSU_28250,1
BSU_16170,BSU_28270,1
BSU_16170,BSU_28280,1
BSU_16170,BSU_28300,1
BSU_16170,BSU_28260,1
BSU_16170,BSU_28310,1
BSU_16170,BSU_28290,1
BSU_16170,BSU_12430,1
BSU_16170,BSU_12440,1
BSU_16170,BSU_11382,1
BSU_16170,BSU_11400,1
BSU_16170,BSU_11360,1
BSU_16170,BSU_11370,1
BSU_16170,BSU_11390,1
BSU_16170,BSU_11381,1
BSU_16170,BSU_11460,1
BSU_16170,BSU_11430,1
BSU_16170,BSU_11470,1
BSU_16170,BSU_11440,1
BSU_16170,BSU_11450,1
BSU_16170,BSU_09990,1
BSU_16170,BSU_10420,1
BSU_16170,BSU_16310,1
BSU_16170,BSU_16300,1
BSU_16170,BSU_16320,1
BSU_16170,BSU_16330,1
BSU_16170,BSU_16299,1
BSU_16170,BSU_16480,1
BSU_16170,BSU_16270,1
BSU_16170,BSU_16380,1
BSU_16170,BSU_16430,1
BSU_16170,BSU_16350,1
BSU_16170,BSU_16470,1
BSU_16170,BSU_16280,1
BSU_16170,BSU_16440,1
BSU_16170,BSU_16390,1
BSU_16170,BSU_16370,1
BSU_16170,BSU_16360,1
BSU_16170,BSU_16420,1
BSU_16170,BSU_16400,1
BSU_16170,BSU_16460,1
BSU_16170,BSU_16340,1
BSU_16170,BSU_16410,1
BSU_16170,BSU_16290,1
BSU_16170,BSU_16450,1
BSU_16170,BSU_16260,1
BSU_16170,BSU_03790,1
BSU_16170,BSU_17180,1
BSU_16170,BSU_17200,1
BSU_16170,BSU_17100,1
BSU_16170,BSU_17210,1
BSU_16170,BSU_17130,1
BSU_16170,BSU_17220,1
BSU_16170,BSU_17140,1
BSU_16170,BSU_17160,1
BSU_16170,BSU_17190,1
BSU_16170,BSU_17120,1
BSU_16170,BSU_17110,1
BSU_16170,BSU_17170,1
BSU_16170,BSU_17150,1
BSU_16170,BSU_31560,1
BSU_16170,BSU_31540,1
BSU_16170,BSU_31550,1
BSU_16170,BSU_31570,1
BSU_16170,BSU_32580,1
BSU_16170,BSU_32550,1
BSU_16170,BSU_32590,1
BSU_16170,BSU_32600,1
BSU_16170,BSU_32570,1
BSU_16170,BSU_32610,1
BSU_16170,BSU_25840,1
BSU_16170,BSU_29470,1
BSU_16170,BSU_39890,1
BSU_16170,BSU_39900,1
BSU_16170,BSU_39910,1
BSU_16170,BSU_31460,1
BSU_16170,BSU_31450,1
BSU_16170,BSU_37730,1
BSU_16170,BSU_37720,1
BSU_16170,BSU_37710,1
BSU_16170,BSU_37740,1
BSU_16170,BSU_37700,1
BSU_16170,BSU_37690,1
BSU_16170,BSU_02690,1
BSU_16170,BSU_29680,1
BSU_16170,BSU_00090,1
BSU_16170,BSU_03770,1
BSU_16170,BSU_03780,1
BSU_16170,BSU_18010,1
BSU_16170,BSU_18000,1
BSU_16170,BSU_03510,1
BSU_16170,BSU_03490,1
BSU_16170,BSU_03500,1
BSU_16170,BSU_03480,1
BSU_16170,BSU_03520,1
BSU_16170,BSU_16160,1
BSU_16170,BSU_16140,1
BSU_16170,BSU_16170,1
BSU_16170,BSU_16130,1
BSU_16170,BSU_16150,1
BSU_16170,BSU_06310,1
BSU_16170,BSU_39890,1
BSU_16170,BSU_39900,1
BSU_16170,BSU_39920,1
BSU_16170,BSU_39910,1
BSU_16170,BSU_39930,1
BSU_16170,BSU_10300,1
BSU_16170,BSU_03200,1
BSU_16170,BSU_03210,1
BSU_16170,BSU_03220,1
BSU_16170,BSU_21870,1
BSU_16170,BSU_36660,1
BSU_16170,BSU_36650,1
BSU_16170,BSU_36640,1
BSU_16170,BSU_32090,1
BSU_16170,BSU_32080,1
BSU_16170,BSU_29600,1
BSU_16170,BSU_14700,1
BSU_16170,BSU_25830,1
BSU_16170,BSU_25840,1
BSU_16170,BSU_32070,1
BSU_16170,BSU_13190,1
BSU_16170,BSU_38550,1
BSU_16170,BSU_35360,1
BSU_16170,BSU_37780,1
BSU_16170,BSU_37760,1
BSU_16170,BSU_37770,1
BSU_16170,BSU_32130,1
BSU_16170,BSU_02390,1
BSU_16170,BSU_38090,1
BSU_16170,BSU_03010,1
BSU_16170,BSU_32260,1
BSU_16170,BSU_32240,1
BSU_16170,BSU_32250,1
BSU_16170,BSU_03020,1
BSU_16170,BSU_11200,1
BSU_16170,BSU_11250,1
BSU_16170,BSU_11230,1
BSU_16170,BSU_11190,1
BSU_16170,BSU_11240,1
BSU_16170,BSU_11220,1
BSU_16170,BSU_11210,1
BSU_16170,BSU_10450,1
BSU_16170,BSU_10460,1
BSU_16170,BSU_24100,1
BSU_16170,BSU_02250,1
BSU_16170,BSU_02240,1
BSU_16170,BSU_37680,1
BSU_16170,BSU_09460,1
BSU_16170,BSU_15340,1
BSU_16170,BSU_32550,1
BSU_16170,BSU_12930,1
BSU_16170,BSU_12980,1
BSU_16170,BSU_12950,1
BSU_16170,BSU_12960,1
BSU_16170,BSU_12920,1
BSU_16170,BSU_13000,1
BSU_16170,BSU_12970,1
BSU_16170,BSU_12990,1
BSU_16170,BSU_12940,1
BSU_16170,BSU_29680,1
BSU_16170,BSU_29670,1
BSU_15880,BSU_15920,1
BSU_15880,BSU_09530,1
BSU_15880,BSU_09540,1
BSU_15880,BSU_11330,1
BSU_15880,BSU_11340,1
BSU_15880,BSU_11720,1
BSU_15880,BSU_15910,1
BSU_15880,BSU_15920,1
BSU_15880,BSU_15890,1
BSU_15880,BSU_15900,1
BSU_15880,BSU_15880,1
BSU_15880,BSU_10170,1
BSU_15670,BSU_33700,1
BSU_15670,BSU_33730,1
BSU_15670,BSU_33720,1
BSU_15670,BSU_33710,1
BSU_15670,BSU_03000,1
BSU_15670,BSU_02990,1
BSU_15670,BSU_02980,1
BSU_15670,BSU_24630,1
BSU_15670,BSU_24640,1
BSU_15670,BSU_24620,1
BSU_15670,BSU_33830,1
BSU_15670,BSU_33800,1
BSU_15670,BSU_33820,1
BSU_15670,BSU_33810,1
BSU_15670,BSU_34230,1
BSU_15670,BSU_34340,1
BSU_15670,BSU_34240,1
BSU_15670,BSU_34280,1
BSU_15670,BSU_34220,1
BSU_15670,BSU_34330,1
BSU_15670,BSU_34350,1
BSU_15670,BSU_34265,1
BSU_15670,BSU_34290,1
BSU_15670,BSU_34360,1
BSU_15670,BSU_34300,1
BSU_15670,BSU_34310,1
BSU_15670,BSU_34250,1
BSU_15670,BSU_34320,1
BSU_15670,BSU_34370,1
BSU_15470,BSU_15560,1
BSU_15470,BSU_15550,1
BSU_15470,BSU_15470,1
BSU_15470,BSU_15480,1
BSU_15470,BSU_15490,1
BSU_15470,BSU_15530,1
BSU_15470,BSU_15500,1
BSU_15470,BSU_15520,1
BSU_15470,BSU_15540,1
BSU_15470,BSU_15510,1
BSU_15090,BSU_36050,1
BSU_15090,BSU_36040,1
BSU_15090,BSU_36060,1
BSU_15090,BSU_11750,1
BSU_15090,BSU_11740,1
BSU_15090,BSU_36070,1
BSU_15090,BSU_11760,1
BSU_15090,BSU_17670,1
BSU_15090,BSU_11810,1
BSU_15090,BSU_19790,1
BSU_15090,BSU_19780,1
BSU_14480,BSU_14900,1
BSU_14480,BSU_14920,1
BSU_14480,BSU_14890,1
BSU_14480,BSU_14880,1
BSU_14480,BSU_14930,1
BSU_14480,BSU_14910,1
BSU_14480,BSU_21440,1
BSU_14480,BSU_21480,1
BSU_14480,BSU_21470,1
BSU_14480,BSU_21450,1
BSU_14480,BSU_21460,1
BSU_14480,BSU_03510,1
BSU_14480,BSU_03490,1
BSU_14480,BSU_03500,1
BSU_14480,BSU_03480,1
BSU_14480,BSU_03520,1
BSU_14480,BSU_02780,1
BSU_14480,BSU_34390,1
BSU_14480,BSU_34380,1
BSU_14480,BSU_36460,1
BSU_14480,BSU_19410,1
BSU_14480,BSU_07750,1
BSU_14480,BSU_14750,1
BSU_14380,BSU_14390,1
BSU_14380,BSU_14380,1
BSU_14380,BSU_14400,1
BSU_14240,BSU_40580,1
BSU_14240,BSU_40620,1
BSU_14240,BSU_40610,1
BSU_14240,BSU_40590,1
BSU_14240,BSU_40600,1
BSU_14240,BSU_21440,1
BSU_14240,BSU_21480,1
BSU_14240,BSU_21470,1
BSU_14240,BSU_21450,1
BSU_14240,BSU_21460,1
BSU_14240,BSU_39950,1
BSU_14240,BSU_39940,1
BSU_14240,BSU_13490,1
BSU_14240,BSU_10420,1
BSU_14240,BSU_13640,1
BSU_14240,BSU_33760,1
BSU_14240,BSU_33750,1
BSU_14240,BSU_33770,1
BSU_14240,BSU_37390,1
BSU_14240,BSU_37430,1
BSU_14240,BSU_37360,1
BSU_14240,BSU_37350,1
BSU_14240,BSU_37410,1
BSU_14240,BSU_37420,1
BSU_14240,BSU_37380,1
BSU_14240,BSU_37400,1
BSU_14240,BSU_37370,1
BSU_14240,BSU_14240,1
BSU_14240,BSU_40150,1
BSU_14240,BSU_40170,1
BSU_14240,BSU_40140,1
BSU_14240,BSU_40180,1
BSU_14240,BSU_40160,1
BSU_14240,BSU_11920,1
BSU_14140,BSU_29120,1
BSU_14140,BSU_29130,1
BSU_14140,BSU_14140,1
BSU_14140,BSU_18010,1
BSU_14140,BSU_18000,1
BSU_14140,BSU_29120,1
BSU_14140,BSU_29140,1
BSU_14140,BSU_29130,1
BSU_14020,BSU_14150,1
BSU_14020,BSU_14160,1
BSU_14020,BSU_14170,1
BSU_14020,BSU_28910,1
BSU_14020,BSU_28900,1
BSU_14020,BSU_31990,1
BSU_14020,BSU_31970,1
BSU_14020,BSU_32000,1
BSU_14020,BSU_31960,1
BSU_14020,BSU_31980,1
BSU_14020,BSU_31959,1
BSU_14020,BSU_13360,1
BSU_13920,BSU_13920,1
BSU_13920,BSU_13930,1
BSU_13880,BSU_13910,1
BSU_13880,BSU_13900,1
BSU_13880,BSU_13890,1
BSU_13670,BSU_05490,1
BSU_13670,BSU_05500,1
BSU_13670,BSU_33540,1
BSU_13670,BSU_05480,1
BSU_13670,BSU_05490,1
BSU_13670,BSU_05500,1
BSU_13670,BSU_12870,1
BSU_13670,BSU_19560,1
BSU_13670,BSU_19570,1
BSU_13310,BSU_28250,1
BSU_13310,BSU_28270,1
BSU_13310,BSU_28280,1
BSU_13310,BSU_28300,1
BSU_13310,BSU_28260,1
BSU_13310,BSU_28310,1
BSU_13310,BSU_28290,1
BSU_13310,BSU_03280,1
BSU_13310,BSU_03320,1
BSU_13310,BSU_03290,1
BSU_13310,BSU_03310,1
BSU_13310,BSU_03300,1
BSU_13310,BSU_19580,1
BSU_13310,BSU_19579,1
BSU_13310,BSU_11382,1
BSU_13310,BSU_11400,1
BSU_13310,BSU_11360,1
BSU_13310,BSU_11370,1
BSU_13310,BSU_11390,1
BSU_13310,BSU_11381,1
BSU_13310,BSU_11460,1
BSU_13310,BSU_11430,1
BSU_13310,BSU_11470,1
BSU_13310,BSU_11440,1
BSU_13310,BSU_11450,1
BSU_13310,BSU_18450,1
BSU_13310,BSU_18440,1
BSU_13310,BSU_32450,1
BSU_13310,BSU_32440,1
BSU_13310,BSU_32430,1
BSU_13310,BSU_32460,1
BSU_13310,BSU_33460,1
BSU_13310,BSU_07560,1
BSU_13310,BSU_17450,1
BSU_13310,BSU_17460,1
BSU_13310,BSU_35500,1
BSU_13310,BSU_35490,1
BSU_13310,BSU_37930,1
BSU_13310,BSU_37940,1
BSU_13310,BSU_37950,1
BSU_13310,BSU_14860,1
BSU_13310,BSU_14850,1
BSU_13310,BSU_40480,1
BSU_13310,BSU_40470,1
BSU_13310,BSU_13320,1
BSU_13310,BSU_13330,1
BSU_13310,BSU_02690,1
BSU_13310,BSU_36910,1
BSU_13310,BSU_36920,1
BSU_13310,BSU_27430,1
BSU_13310,BSU_27450,1
BSU_13310,BSU_27440,1
BSU_13310,BSU_27460,1
BSU_13310,BSU_06310,1
BSU_13310,BSU_32450,1
BSU_13310,BSU_32440,1
BSU_13310,BSU_32420,1
BSU_13310,BSU_32430,1
BSU_13310,BSU_32460,1
BSU_13310,BSU_36660,1
BSU_13310,BSU_36650,1
BSU_13310,BSU_36640,1
BSU_13310,BSU_32090,1
BSU_13310,BSU_32080,1
BSU_13310,BSU_36510,1
BSU_13310,BSU_36520,1
BSU_13310,BSU_08380,1
BSU_13310,BSU_08370,1
BSU_13310,BSU_03670,1
BSU_13310,BSU_04110,1
BSU_13310,BSU_04070,1
BSU_13310,BSU_04090,1
BSU_13310,BSU_04080,1
BSU_13310,BSU_04050,1
BSU_13310,BSU_04100,1
BSU_13310,BSU_04060,1
BSU_13310,BSU_13310,1
BSU_13310,BSU_28320,1
BSU_13310,BSU_32260,1
BSU_13310,BSU_32240,1
BSU_13310,BSU_32250,1
BSU_13310,BSU_38850,1
BSU_13310,BSU_30360,1
BSU_13310,BSU_36100,1
BSU_13310,BSU_18120,1
BSU_13310,BSU_03330,1
BSU_13310,BSU_27810,1
BSU_13310,BSU_17450,1
BSU_13310,BSU_40480,1
BSU_13310,BSU_40470,1
BSU_13310,BSU_40490,1
BSU_13150,BSU_13140,1
BSU_12510,BSU_12519,1
BSU_12510,BSU_12530,1
BSU_12510,BSU_12520,1
BSU_12510,BSU_12539,1
BSU_12510,BSU_12540,1
BSU_12510,BSU_12550,1
BSU_12370,BSU_12320,1
BSU_12370,BSU_12370,1
BSU_12370,BSU_12360,1
BSU_12370,BSU_12340,1
BSU_12370,BSU_12380,1
BSU_12370,BSU_12350,1
BSU_12370,BSU_12330,1
BSU_12370,BSU_12390,1
BSU_12370,BSU_12320,1
BSU_12370,BSU_12310,1
BSU_12370,BSU_12300,1
BSU_12370,BSU_12370,1
BSU_12370,BSU_12360,1
BSU_12370,BSU_12340,1
BSU_12370,BSU_12380,1
BSU_12370,BSU_12350,1
BSU_12370,BSU_12330,1
BSU_12370,BSU_12390,1
BSU_12000,BSU_12030,1
BSU_12000,BSU_12010,1
BSU_12000,BSU_12020,1
BSU_12000,BSU_12000,1
BSU_11500,BSU_21690,1
BSU_11500,BSU_21680,1
BSU_11500,BSU_14720,1
BSU_11500,BSU_14730,1
BSU_11500,BSU_14710,1
BSU_11500,BSU_14740,1
BSU_11500,BSU_00730,1
BSU_11500,BSU_03510,1
BSU_11500,BSU_03490,1
BSU_11500,BSU_03500,1
BSU_11500,BSU_03480,1
BSU_11500,BSU_03520,1
BSU_11500,BSU_19470,1
BSU_11500,BSU_19479,1
BSU_11500,BSU_19460,1
BSU_11500,BSU_27240,1
BSU_11500,BSU_27250,1
BSU_11500,BSU_27270,1
BSU_11500,BSU_27280,1
BSU_11500,BSU_27260,1
BSU_11500,BSU_22460,1
BSU_11500,BSU_22480,1
BSU_11500,BSU_22450,1
BSU_11500,BSU_22490,1
BSU_11500,BSU_22470,1
BSU_11500,BSU_22500,1
BSU_11500,BSU_22440,1
BSU_11500,BSU_31290,1
BSU_11500,BSU_29490,1
BSU_11500,BSU_38110,1
BSU_11500,BSU_38100,1
BSU_11500,BSU_29840,1
BSU_11500,BSU_29830,1
BSU_11500,BSU_29820,1
BSU_11500,BSU_31370,1
BSU_11500,BSU_15110,1
BSU_11500,BSU_15120,1
BSU_11500,BSU_34790,1
BSU_11500,BSU_30340,1
BSU_11500,BSU_29490,1
BSU_11500,BSU_29480,1
BSU_11500,BSU_11550,1
BSU_11500,BSU_11560,1
BSU_11500,BSU_28500,1
BSU_11500,BSU_00720,1
BSU_11500,BSU_00700,1
BSU_11500,BSU_00730,1
BSU_11500,BSU_00710,1
BSU_11500,BSU_00870,1
BSU_11500,BSU_00880,1
BSU_11500,BSU_00850,1
BSU_11500,BSU_00860,1
BSU_11500,BSU_00830,1
BSU_11500,BSU_00840,1
BSU_10840,BSU_10850,1
BSU_10560,BSU_10530,1
BSU_10560,BSU_10550,1
BSU_10560,BSU_10540,1
BSU_10560,BSU_10520,1
BSU_10420,BSU_35440,1
BSU_10420,BSU_35450,1
BSU_10420,BSU_35470,1
BSU_10420,BSU_35380,1
BSU_10420,BSU_35420,1
BSU_10420,BSU_35410,1
BSU_10420,BSU_35400,1
BSU_10420,BSU_35370,1
BSU_10420,BSU_35460,1
BSU_10420,BSU_35390,1
BSU_10420,BSU_35430,1
BSU_10420,BSU_28010,1
BSU_10420,BSU_28040,1
BSU_10420,BSU_27990,1
BSU_10420,BSU_28050,1
BSU_10420,BSU_28020,1
BSU_10420,BSU_28000,1
BSU_10420,BSU_28030,1
BSU_10420,BSU_40990,1
BSU_10420,BSU_41020,1
BSU_10420,BSU_41010,1
BSU_10420,BSU_41000,1
BSU_10420,BSU_10420,1
BSU_10420,BSU_16940,1
BSU_10420,BSU_24710,1
BSU_10420,BSU_24730,1
BSU_10420,BSU_24670,1
BSU_10420,BSU_24660,1
BSU_10420,BSU_24700,1
BSU_10420,BSU_24680,1
BSU_10420,BSU_24720,1
BSU_10420,BSU_24690,1
BSU_10420,BSU_14020,1
BSU_10420,BSU_06839,1
BSU_10420,BSU_06830,1
BSU_10420,BSU_33470,1
BSU_10420,BSU_33480,1
BSU_10420,BSU_28010,1
BSU_10420,BSU_27990,1
BSU_10420,BSU_28020,1
BSU_10420,BSU_28000,1
BSU_10420,BSU_28030,1
BSU_10420,BSU_25570,1
BSU_10420,BSU_25590,1
BSU_10420,BSU_25580,1
BSU_10420,BSU_36310,1
BSU_10420,BSU_33270,1
BSU_10420,BSU_33260,1
BSU_10420,BSU_33280,1
BSU_10420,BSU_40900,1
BSU_10420,BSU_40910,1
BSU_10420,BSU_40890,1
BSU_10420,BSU_40920,1
BSU_10420,BSU_02010,1
BSU_10420,BSU_28070,1
BSU_10420,BSU_03420,1
BSU_10420,BSU_03430,1
BSU_10420,BSU_10630,1
BSU_10420,BSU_10640,1
BSU_10420,BSU_10620,1
BSU_10420,BSU_10660,1
BSU_10420,BSU_10650,1
BSU_10420,BSU_10450,1
BSU_10420,BSU_10460,1
BSU_09990,BSU_35440,1
BSU_09990,BSU_35450,1
BSU_09990,BSU_35470,1
BSU_09990,BSU_35380,1
BSU_09990,BSU_35420,1
BSU_09990,BSU_35410,1
BSU_09990,BSU_35400,1
BSU_09990,BSU_35370,1
BSU_09990,BSU_35460,1
BSU_09990,BSU_35390,1
BSU_09990,BSU_35430,1
BSU_09990,BSU_24600,1
BSU_09990,BSU_24610,1
BSU_09990,BSU_11382,1
BSU_09990,BSU_11400,1
BSU_09990,BSU_11360,1
BSU_09990,BSU_11370,1
BSU_09990,BSU_11390,1
BSU_09990,BSU_11381,1
BSU_09990,BSU_11460,1
BSU_09990,BSU_11430,1
BSU_09990,BSU_11470,1
BSU_09990,BSU_11440,1
BSU_09990,BSU_11450,1
BSU_09990,BSU_25760,1
BSU_09990,BSU_37730,1
BSU_09990,BSU_37720,1
BSU_09990,BSU_37710,1
BSU_09990,BSU_37740,1
BSU_09990,BSU_37700,1
BSU_09990,BSU_37690,1
BSU_09990,BSU_10300,1
BSU_09990,BSU_29600,1
BSU_09990,BSU_29110,1
BSU_09990,BSU_29100,1
BSU_09990,BSU_38400,1
BSU_09990,BSU_14700,1
BSU_09990,BSU_03670,1
BSU_09990,BSU_35360,1
BSU_09700,BSU_09710,1
BSU_09700,BSU_09720,1
BSU_09700,BSU_09700,1
BSU_09690,BSU_09680,1
BSU_09430,BSU_09440,1
BSU_09430,BSU_09450,1
BSU_09380,BSU_03280,1
BSU_09380,BSU_03320,1
BSU_09380,BSU_03290,1
BSU_09380,BSU_03310,1
BSU_09380,BSU_03300,1
BSU_09380,BSU_14150,1
BSU_09380,BSU_14160,1
BSU_09380,BSU_14170,1
BSU_09380,BSU_37310,1
BSU_09380,BSU_13040,1
BSU_09380,BSU_37310,1
BSU_09380,BSU_37320,1
BSU_09380,BSU_13360,1
BSU_09270,BSU_02130,1
BSU_09270,BSU_02140,1
BSU_09270,BSU_09300,1
BSU_09270,BSU_09280,1
BSU_09270,BSU_09290,1
BSU_08810,BSU_09990,1
BSU_08730,BSU_28140,1
BSU_08730,BSU_28130,1
BSU_08730,BSU_28160,1
BSU_08730,BSU_28120,1
BSU_08730,BSU_28170,1
BSU_08730,BSU_28150,1
BSU_08730,BSU_17370,1
BSU_08730,BSU_17380,1
BSU_08730,BSU_17400,1
BSU_08730,BSU_17390,1
BSU_08730,BSU_11500,1
BSU_08730,BSU_03510,1
BSU_08730,BSU_03490,1
BSU_08730,BSU_03500,1
BSU_08730,BSU_03480,1
BSU_08730,BSU_03520,1
BSU_08730,BSU_08820,1
BSU_08730,BSU_23520,1
BSU_08730,BSU_40100,1
BSU_08730,BSU_40090,1
BSU_08730,BSU_32990,1
BSU_08730,BSU_08730,1
BSU_08730,BSU_13850,1
BSU_08730,BSU_11500,1
BSU_08730,BSU_11490,1
BSU_08620,BSU_08660,1
BSU_08620,BSU_08650,1
BSU_08620,BSU_08660,1
BSU_08620,BSU_08650,1
BSU_08620,BSU_08630,1
BSU_08370,BSU_08380,1
BSU_08370,BSU_08370,1
BSU_08340,BSU_34420,1
BSU_08340,BSU_34410,1
BSU_08340,BSU_34400,1
BSU_08300,BSU_08320,1
BSU_08300,BSU_08310,1
BSU_08300,BSU_08330,1
BSU_08190,BSU_08190,1
BSU_08190,BSU_08180,1
BSU_08190,BSU_08200,1
BSU_08100,BSU_08090,1
BSU_08100,BSU_08070,1
BSU_08100,BSU_08060,1
BSU_08100,BSU_08080,1
BSU_07820,BSU_07810,1
BSU_07820,BSU_07800,1
BSU_07820,BSU_07820,1
BSU_07590,BSU_07620,1
BSU_07590,BSU_07610,1
BSU_07390,BSU_07390,1
BSU_07390,BSU_07400,1
BSU_07220,BSU_07230,1
BSU_07010,BSU_06990,1
BSU_07010,BSU_07060,1
BSU_07010,BSU_06980,1
BSU_07010,BSU_07080,1
BSU_07010,BSU_07070,1
BSU_07010,BSU_07020,1
BSU_07010,BSU_07050,1
BSU_07010,BSU_07000,1
BSU_07010,BSU_07040,1
BSU_07010,BSU_06970,1
BSU_07010,BSU_07010,1
BSU_07010,BSU_07030,1
BSU_06960,BSU_06990,1
BSU_06960,BSU_07060,1
BSU_06960,BSU_06980,1
BSU_06960,BSU_07080,1
BSU_06960,BSU_07070,1
BSU_06960,BSU_07020,1
BSU_06960,BSU_07050,1
BSU_06960,BSU_07000,1
BSU_06960,BSU_07040,1
BSU_06960,BSU_06970,1
BSU_06960,BSU_07010,1
BSU_06960,BSU_07030,1
BSU_06140,BSU_06170,1
BSU_06140,BSU_06150,1
BSU_06140,BSU_06160,1
BSU_05970,BSU_12290,1
BSU_05970,BSU_12280,1
BSU_05970,BSU_03060,1
BSU_05970,BSU_03050,1
BSU_05970,BSU_38730,1
BSU_05970,BSU_38740,1
BSU_05970,BSU_38760,1
BSU_05970,BSU_38750,1
BSU_05970,BSU_36000,1
BSU_05970,BSU_36010,1
BSU_05970,BSU_09840,1
BSU_05970,BSU_38060,1
BSU_05850,BSU_05810,1
BSU_05850,BSU_05880,1
BSU_05850,BSU_05870,1
BSU_05850,BSU_05820,1
BSU_05850,BSU_05850,1
BSU_05850,BSU_05830,1
BSU_05850,BSU_05840,1
BSU_05850,BSU_05860,1
BSU_05420,BSU_05430,1
BSU_05330,BSU_05344,1
BSU_05330,BSU_05343,1
BSU_05330,BSU_05340,1
BSU_05330,BSU_05330,1
BSU_04820,BSU_04880,1
BSU_04820,BSU_04839,1
BSU_04820,BSU_04980,1
BSU_04820,BSU_04990,1
BSU_04820,BSU_04960,1
BSU_04820,BSU_04840,1
BSU_04820,BSU_04860,1
BSU_04820,BSU_04900,1
BSU_04820,BSU_04970,1
BSU_04820,BSU_04870,1
BSU_04820,BSU_04890,1
BSU_04820,BSU_04910,1
BSU_04820,BSU_04950,1
BSU_04820,BSU_04850,1
BSU_04820,BSU_04940,1
BSU_04820,BSU_04830,1
BSU_04820,BSU_04930,1
BSU_04820,BSU_04920,1
BSU_04770,BSU_04750,1
BSU_04770,BSU_04760,1
BSU_04770,BSU_04770,1
BSU_04160,BSU_03990,1
BSU_04160,BSU_03981,1
BSU_04160,BSU_03982,1
BSU_04100,BSU_04110,1
BSU_04100,BSU_04070,1
BSU_04100,BSU_04090,1
BSU_04100,BSU_04080,1
BSU_04100,BSU_04050,1
BSU_04100,BSU_04100,1
BSU_04100,BSU_04060,1
BSU_03960,BSU_03940,1
BSU_03960,BSU_03960,1
BSU_03960,BSU_03950,1
BSU_03890,BSU_03910,1
BSU_03890,BSU_03900,1
BSU_03890,BSU_03910,1
BSU_03890,BSU_03890,1
BSU_03750,BSU_18190,1
BSU_03750,BSU_18180,1
BSU_03750,BSU_18170,1
BSU_03750,BSU_07990,1
BSU_03750,BSU_12880,1
BSU_03750,BSU_12890,1
BSU_03750,BSU_03730,1
BSU_03750,BSU_03740,1
BSU_03750,BSU_40490,1
BSU_03620,BSU_03651,1
BSU_03620,BSU_03630,1
BSU_03620,BSU_03640,1
BSU_03470,BSU_03460,1
BSU_03470,BSU_03450,1
BSU_03230,BSU_03200,1
BSU_03230,BSU_03210,1
BSU_03230,BSU_03220,1
BSU_02740,BSU_02760,1
BSU_02740,BSU_02750,1
BSU_02680,BSU_39970,1
BSU_02680,BSU_39980,1
BSU_02680,BSU_39990,1
BSU_02680,BSU_02670,1
BSU_02680,BSU_02680,1
BSU_02500,BSU_02500,1
BSU_02500,BSU_02520,1
BSU_02500,BSU_02460,1
BSU_02500,BSU_02490,1
BSU_02500,BSU_02470,1
BSU_02500,BSU_02480,1
BSU_02500,BSU_02510,1
BSU_02450,BSU_02430,1
BSU_02450,BSU_02420,1
BSU_02370,BSU_02350,1
BSU_02370,BSU_02360,1
BSU_02370,BSU_02380,1
BSU_02370,BSU_02380,1
BSU_02370,BSU_02370,1
BSU_01810,BSU_01800,1
BSU_01810,BSU_01810,1
BSU_01810,BSU_01820,1
BSU_01690,BSU_01650,1
BSU_01690,BSU_01700,1
BSU_01690,BSU_01690,1
BSU_01690,BSU_01680,1
BSU_01690,BSU_01660,1
BSU_01690,BSU_01670,1
BSU_01640,BSU_01630,1
BSU_01640,BSU_01620,1
BSU_01640,BSU_01600,1
BSU_01640,BSU_01610,1
BSU_01540,BSU_09990,1
BSU_01540,BSU_01540,1
BSU_01050,BSU_01040,1
BSU_01050,BSU_01050,1
BSU_01040,BSU_01040,1
BSU_01040,BSU_01050,1
BSU_00830,BSU_00870,1
BSU_00830,BSU_00880,1
BSU_00830,BSU_00850,1
BSU_00830,BSU_00860,1
BSU_00830,BSU_00830,1
BSU_00830,BSU_00840,1
BSU_00830,BSU_34540,1
BSU_00830,BSU_28190,1
BSU_00830,BSU_28200,1
BSU_00830,BSU_28500,1
BSU_00830,BSU_13700,1
BSU_00830,BSU_28220,1
BSU_00680,BSU_00670,1
BSU_00680,BSU_00690,1
BSU_00680,BSU_00680,1
BSU_00670,BSU_00670,1
BSU_00670,BSU_00690,1
BSU_00670,BSU_00680,1
BSU_00560,BSU_24230,1
BSU_00560,BSU_13380,1
BSU_00560,BSU_13390,1
BSU_00560,BSU_23380,1
BSU_00560,BSU_23402,1
BSU_00560,BSU_23440,1
BSU_00560,BSU_23410,1
BSU_00560,BSU_23430,1
BSU_00560,BSU_23420,1
BSU_00560,BSU_23401,1
BSU_00560,BSU_23390,1
BSU_00560,BSU_03720,1
BSU_00560,BSU_03710,1
BSU_00560,BSU_03700,1
BSU_00560,BSU_16790,1
BSU_00560,BSU_16799,1
BSU_00560,BSU_03920,1
BSU_00560,BSU_03930,1
BSU_00560,BSU_30840,1
BSU_00560,BSU_09750,1
BSU_00560,BSU_13400,1
BSU_00560,BSU_13410,1
BSU_00560,BSU_13470,1
BSU_00560,BSU_08660,1
BSU_00560,BSU_08650,1
BSU_00560,BSU_02070,1
BSU_00560,BSU_02080,1
BSU_00560,BSU_15440,1
BSU_00560,BSU_29570,1
BSU_00560,BSU_25540,1
BSU_00560,BSU_25530,1
BSU_00560,BSU_33060,1
BSU_00560,BSU_33070,1
BSU_00560,BSU_33050,1
BSU_00560,BSU_23940,1
BSU_00560,BSU_23930,1
BSU_00560,BSU_18200,1
BSU_00470,BSU_22070,1
BSU_00470,BSU_22060,1
BSU_00470,BSU_06430,1
BSU_00470,BSU_06420,1
BSU_00470,BSU_06440,1
BSU_00470,BSU_06450,1
BSU_00470,BSU_06490,1
BSU_00470,BSU_06520,1
BSU_00470,BSU_06510,1
BSU_00470,BSU_06530,1
BSU_00470,BSU_06500,1
BSU_00470,BSU_06460,1
BSU_00470,BSU_06480,1
BSU_00470,BSU_06470,1
BSU_00470,BSU_06370,1
BSU_00470,BSU_40420,1
BSU_00470,BSU_36900,1
BSU_00470,BSU_24320,1
BSU_00470,BSU_24310,1
BSU_00470,BSU_00480,1
BSU_00470,BSU_00460,1
BSU_00470,BSU_00470,1
BSU_00470,BSU_32130,1
BSU_00470,BSU_29990,1
BSU_00470,BSU_00110,1
BSU_00470,BSU_00120,1
BSU_00470,BSU_12860,1
BSU_00470,BSU_14860,1
BSU_00370,BSU_36230,1
BSU_00370,BSU_36250,1
BSU_00370,BSU_36260,1
BSU_00370,BSU_36240,1
BSU_00370,BSU_02320,1
BSU_00370,BSU_02310,1
BSU_00370,BSU_02330,1
BSU_00370,BSU_39870,1
BSU_00370,BSU_39880,1
BSU_00370,BSU_06180,1
BSU_00370,BSU_06200,1
BSU_00370,BSU_06210,1
BSU_00370,BSU_06190,1
BSU_00370,BSU_09710,1
BSU_00370,BSU_09720,1
BSU_00370,BSU_09700,1
BSU_00370,BSU_14900,1
BSU_00370,BSU_14920,1
BSU_00370,BSU_14890,1
BSU_00370,BSU_14880,1
BSU_00370,BSU_14930,1
BSU_00370,BSU_14910,1
BSU_00370,BSU_24600,1
BSU_00370,BSU_24610,1
BSU_00370,BSU_03940,1
BSU_00370,BSU_03960,1
BSU_00370,BSU_03950,1
BSU_00370,BSU_21440,1
BSU_00370,BSU_21480,1
BSU_00370,BSU_21470,1
BSU_00370,BSU_21450,1
BSU_00370,BSU_21460,1
BSU_00370,BSU_09900,1
BSU_00370,BSU_09890,1
BSU_00370,BSU_39950,1
BSU_00370,BSU_39940,1
BSU_00370,BSU_21580,1
BSU_00370,BSU_21560,1
BSU_00370,BSU_21550,1
BSU_00370,BSU_21570,1
BSU_00370,BSU_09990,1
BSU_00370,BSU_15310,1
BSU_00370,BSU_15320,1
BSU_00370,BSU_15330,1
BSU_00370,BSU_05220,1
BSU_00370,BSU_32540,1
BSU_00370,BSU_40050,1
BSU_00370,BSU_40060,1
BSU_00370,BSU_40080,1
BSU_00370,BSU_40070,1
BSU_00370,BSU_10420,1
BSU_00370,BSU_17920,1
BSU_00370,BSU_15960,1
BSU_00370,BSU_13640,1
BSU_00370,BSU_21520,1
BSU_00370,BSU_02700,1
BSU_00370,BSU_25220,1
BSU_00370,BSU_17180,1
BSU_00370,BSU_17200,1
BSU_00370,BSU_17100,1
BSU_00370,BSU_17210,1
BSU_00370,BSU_17130,1
BSU_00370,BSU_17220,1
BSU_00370,BSU_17140,1
BSU_00370,BSU_17160,1
BSU_00370,BSU_17190,1
BSU_00370,BSU_17120,1
BSU_00370,BSU_17110,1
BSU_00370,BSU_17170,1
BSU_00370,BSU_17150,1
BSU_00370,BSU_37790,1
BSU_00370,BSU_32010,1
BSU_00370,BSU_07460,1
BSU_00370,BSU_07450,1
BSU_00370,BSU_38130,1
BSU_00370,BSU_02500,1
BSU_00370,BSU_02520,1
BSU_00370,BSU_02460,1
BSU_00370,BSU_02490,1
BSU_00370,BSU_02470,1
BSU_00370,BSU_02480,1
BSU_00370,BSU_02510,1
BSU_00370,BSU_39590,1
BSU_00370,BSU_24630,1
BSU_00370,BSU_24640,1
BSU_00370,BSU_24620,1
BSU_00370,BSU_25840,1
BSU_00370,BSU_00370,1
BSU_00370,BSU_33760,1
BSU_00370,BSU_33750,1
BSU_00370,BSU_33770,1
BSU_00370,BSU_02050,1
BSU_00370,BSU_39890,1
BSU_00370,BSU_39900,1
BSU_00370,BSU_39910,1
BSU_00370,BSU_06839,1
BSU_00370,BSU_06830,1
BSU_00370,BSU_37730,1
BSU_00370,BSU_37720,1
BSU_00370,BSU_37710,1
BSU_00370,BSU_37740,1
BSU_00370,BSU_37700,1
BSU_00370,BSU_37690,1
BSU_00370,BSU_35070,1
BSU_00370,BSU_35060,1
BSU_00370,BSU_28890,1
BSU_00370,BSU_05810,1
BSU_00370,BSU_05880,1
BSU_00370,BSU_05870,1
BSU_00370,BSU_05820,1
BSU_00370,BSU_05850,1
BSU_00370,BSU_05830,1
BSU_00370,BSU_05840,1
BSU_00370,BSU_05860,1
BSU_00370,BSU_09300,1
BSU_00370,BSU_07480,1
BSU_00370,BSU_22550,1
BSU_00370,BSU_22560,1
BSU_00370,BSU_22540,1
BSU_00370,BSU_37390,1
BSU_00370,BSU_37430,1
BSU_00370,BSU_37360,1
BSU_00370,BSU_37350,1
BSU_00370,BSU_37410,1
BSU_00370,BSU_37420,1
BSU_00370,BSU_37380,1
BSU_00370,BSU_37400,1
BSU_00370,BSU_37370,1
BSU_00370,BSU_10560,1
BSU_00370,BSU_22820,1
BSU_00370,BSU_22810,1
BSU_00370,BSU_18300,1
BSU_00370,BSU_18320,1
BSU_00370,BSU_18340,1
BSU_00370,BSU_18310,1
BSU_00370,BSU_18330,1
BSU_00370,BSU_25190,1
BSU_00370,BSU_14240,1
BSU_00370,BSU_35050,1
BSU_00370,BSU_39890,1
BSU_00370,BSU_39900,1
BSU_00370,BSU_39920,1
BSU_00370,BSU_39910,1
BSU_00370,BSU_39930,1
BSU_00370,BSU_10300,1
BSU_00370,BSU_25880,1
BSU_00370,BSU_25890,1
BSU_00370,BSU_14340,1
BSU_00370,BSU_14370,1
BSU_00370,BSU_14350,1
BSU_00370,BSU_14360,1
BSU_00370,BSU_18920,1
BSU_00370,BSU_18910,1
BSU_00370,BSU_00490,1
BSU_00370,BSU_40040,1
BSU_00370,BSU_40030,1
BSU_00370,BSU_17250,1
BSU_00370,BSU_17240,1
BSU_00370,BSU_23470,1
BSU_00370,BSU_23460,1
BSU_00370,BSU_23450,1
BSU_00370,BSU_02780,1
BSU_00370,BSU_21530,1
BSU_00370,BSU_21540,1
BSU_00370,BSU_19030,1
BSU_00370,BSU_24650,1
BSU_00370,BSU_14230,1
BSU_00370,BSU_14220,1
BSU_00370,BSU_19210,1
BSU_00370,BSU_33270,1
BSU_00370,BSU_33260,1
BSU_00370,BSU_33280,1
BSU_00370,BSU_02040,1
BSU_00370,BSU_19800,1
BSU_00370,BSU_14700,1
BSU_00370,BSU_11990,1
BSU_00370,BSU_33410,1
BSU_00370,BSU_34390,1
BSU_00370,BSU_34380,1
BSU_00370,BSU_31250,1
BSU_00370,BSU_31240,1
BSU_00370,BSU_35960,1
BSU_00370,BSU_35910,1
BSU_00370,BSU_35940,1
BSU_00370,BSU_35920,1
BSU_00370,BSU_35930,1
BSU_00370,BSU_35950,1
BSU_00370,BSU_33790,1
BSU_00370,BSU_33780,1
BSU_00370,BSU_01000,1
BSU_00370,BSU_00990,1
BSU_00370,BSU_00980,1
BSU_00370,BSU_01730,1
BSU_00370,BSU_01740,1
BSU_00370,BSU_06240,1
BSU_00370,BSU_23470,1
BSU_00370,BSU_23460,1
BSU_00370,BSU_23450,1
BSU_00370,BSU_23480,1
BSU_00370,BSU_09280,1
BSU_00370,BSU_09290,1
BSU_00370,BSU_25870,1
BSU_00370,BSU_25860,1
BSU_00370,BSU_12080,1
BSU_00370,BSU_37780,1
BSU_00370,BSU_37760,1
BSU_00370,BSU_37770,1
BSU_00370,BSU_40150,1
BSU_00370,BSU_40170,1
BSU_00370,BSU_40140,1
BSU_00370,BSU_40180,1
BSU_00370,BSU_40160,1
BSU_00370,BSU_36460,1
BSU_00370,BSU_31990,1
BSU_00370,BSU_31970,1
BSU_00370,BSU_32000,1
BSU_00370,BSU_31960,1
BSU_00370,BSU_31980,1
BSU_00370,BSU_31959,1
BSU_00370,BSU_05100,1
BSU_00370,BSU_38790,1
BSU_00370,BSU_05200,1
BSU_00370,BSU_34230,1
BSU_00370,BSU_34340,1
BSU_00370,BSU_34240,1
BSU_00370,BSU_34280,1
BSU_00370,BSU_34220,1
BSU_00370,BSU_34330,1
BSU_00370,BSU_34350,1
BSU_00370,BSU_34265,1
BSU_00370,BSU_34290,1
BSU_00370,BSU_34360,1
BSU_00370,BSU_34300,1
BSU_00370,BSU_34310,1
BSU_00370,BSU_34250,1
BSU_00370,BSU_34320,1
BSU_00370,BSU_34370,1
BSU_00370,BSU_03040,1
BSU_00370,BSU_37800,1
BSU_00370,BSU_01935,1
BSU_00370,BSU_01970,1
BSU_00370,BSU_01950,1
BSU_00370,BSU_01960,1
BSU_00370,BSU_01910,1
BSU_00370,BSU_01980,1
BSU_00370,BSU_01920,1
BSU_00370,BSU_31080,1
BSU_00370,BSU_18150,1
BSU_00370,BSU_18160,1
BSU_00370,BSU_18780,1
BSU_00370,BSU_26890,1
BSU_00370,BSU_19410,1
BSU_00370,BSU_13980,1
BSU_00370,BSU_34390,1
BSU_00370,BSU_01510,1
BSU_00370,BSU_04990,1
BSU_00370,BSU_06640,1
BSU_00370,BSU_07750,1
BSU_00370,BSU_11910,1
BSU_00370,BSU_12040,1
BSU_00370,BSU_14750,1
BSU_00370,BSU_14940,1
BSU_00370,BSU_17690,1
BSU_00370,BSU_19170,1
BSU_00370,BSU_21340,1
BSU_00370,BSU_20580,1
BSU_00370,BSU_20420,1
BSU_00370,BSU_26230,1
BSU_00370,BSU_26820,1
BSU_00370,BSU_27190,1
BSU_00370,BSU_33140,1
BSU_00370,BSU_07735,1
BSU_00370,BSU_07750,1
BSU_00370,BSU_07720,1
BSU_00370,BSU_38340,1
BSU_00370,BSU_38350,1
BSU_00370,BSU_34850,1
BSU_00370,BSU_34840,1
BSU_00370,BSU_34830,1
BSU_00370,BSU_15640,1
BSU_00010,BSU_40580,1
BSU_00010,BSU_40620,1
BSU_00010,BSU_40610,1
BSU_00010,BSU_40590,1
BSU_00010,BSU_40600,1
BSU_00010,BSU_21440,1
BSU_00010,BSU_21480,1
BSU_00010,BSU_21470,1
BSU_00010,BSU_21450,1
BSU_00010,BSU_21460,1
BSU_00010,BSU_39950,1
BSU_00010,BSU_39940,1
BSU_00010,BSU_40990,1
BSU_00010,BSU_41020,1
BSU_00010,BSU_41010,1
BSU_00010,BSU_41000,1
BSU_00010,BSU_38070,1
BSU_00010,BSU_25690,1
BSU_00010,BSU_38080,1
BSU_00010,BSU_38070,1
BSU_00010,BSU_38090,1
BSU_00010,BSU_36950,1
BSU_00010,BSU_40230,1
BSU_16610,BSU_34910,1
BSU_16610,BSU_34880,1
BSU_16610,BSU_34920,1
BSU_16610,BSU_34860,1
BSU_16610,BSU_34900,1
BSU_16610,BSU_34870,1
BSU_16610,BSU_34890,1
BSU_16610,BSU_34930,1
BSU_16610,BSU_08880,1
BSU_16610,BSU_31590,1
BSU_16610,BSU_13130,1
BSU_16610,BSU_13120,1
BSU_16610,BSU_11200,1
BSU_16610,BSU_11250,1
BSU_16610,BSU_11230,1
BSU_16610,BSU_11190,1
BSU_16610,BSU_11240,1
BSU_16610,BSU_11220,1
BSU_16610,BSU_11210,1
BSU_16610,BSU_29440,1
BSU_16610,BSU_29450,1
BSU_16610,BSU_32580,1
BSU_16610,BSU_32550,1
BSU_16610,BSU_32590,1
BSU_16610,BSU_32600,1
BSU_16610,BSU_32570,1
BSU_16610,BSU_32610,1
BSU_16610,BSU_10230,1
BSU_16610,BSU_23970,1
BSU_16610,BSU_23960,1
BSU_16610,BSU_23980,1
BSU_16610,BSU_19639,1
BSU_16610,BSU_33830,1
BSU_16610,BSU_33800,1
BSU_16610,BSU_33820,1
BSU_16610,BSU_33810,1
