G3043	G1161
G3043	G1635
G3043	G2764
G3043	G48
G3043	G47
G3043	G3479
G3043	G3480
G3043	G3481
G3043	G30
G3043	G31
G3043	G3130
G3043	G3320
G3043	G405
G3043	G404
G3043	G403
G3043	G402
G3043	G401
G3043	G3141
G3043	G4072
G3043	G4073
G3043	G4071
G3043	G4074
G3043	G831
G3043	G832
G3043	G833
G3043	G3461
G3043	G3460
G3043	G3582
G3043	G3583
G3043	G3834
G3043	G3601
G3043	G3599
G3043	G3600
G3043	G748
G3043	G2103
G3043	G2104
G3043	G2105
G3043	G2101
G3043	G2102
G3043	G2252
G3043	G2355
G3043	G2356
G3043	G2093
G3043	G3458
G3043	G1159
G3043	G3719
G3043	G413
G3043	G908
G3043	G909
G3043	G910
G3043	G911
G3043	G912
G3043	G913
G3043	G2956
G3043	G1628
G3043	G49
G3043	G110
G3043	G3749
G3043	G3748
G3043	G3747
G3043	G2602
G3043	G2600
G3043	G2015
G3043	G2014
G3043	G3363
G3043	G3364
G3043	G3010
G3043	G1149
G3043	G1150
G3043	G1152
G3043	G1151
G3043	G1148
G3043	G1037
G3043	G3138
G3043	G3140
G3043	G3139
G3043	G2096
G3043	G2097
G3043	G2957
G3043	G1254
G3043	G50
G3043	G840
G3043	G2952
G3043	G1029
G3043	G882
G3043	G378
G3043	G3459
G3043	G3016
G3043	G3015
G3043	G2953
G3043	G1193
G3043	G1331
G3043	G3693
G3043	G3699
G3043	G2722
G3043	G2954
G3043	G2955
G3043	G2958
G3043	G2601
G3043	G3042
G3043	G4066
G3043	G751
G3043	G3927
G3043	G1434
G3043	G1433
G3043	G3784
G3043	G1399
G3043	G1386
G3043	G1435
G3043	G3823
G3043	G3435
G3043	G2139
G3043	G2146
G3043	G3785
G3043	G2427
G3043	G3782
G3043	G3783
G3043	G3786
G3043	G3787
G3043	G3788
G3043	G3789
G3043	G3790
G3043	G3791
G3043	G3365
G3043	G2150
G3043	G2149
G3043	G2148
G3043	G2147
G3043	G2145
G3043	G2144
G3043	G2143
G3043	G2142
G3043	G2141
G3043	G2140
G3043	G2138
G3043	G936
G3043	G935
G3043	G3281
G3043	G3331
G3043	G3332
G3043	G3352
G3043	G112
G3043	G2098
G3043	G3330
G3043	G3333
G3043	G3282
G3043	G3009
G3043	G1107
G3043	G1398
G3043	G1455
G3043	G1469
G3043	G1692
G3043	G1693
G3043	G2783
G3043	G2868
G3043	G3006
G3043	G3007
G3043	G3008
G4086	G1327
G4086	G3542
G4086	G159
G4086	G3582
G4086	G3583
G4086	G2204
G4086	G1512
G4086	G161
G4086	G1149
G4086	G2025
G4086	G790
G4086	G3639
G4086	G2832
G4086	G2834
G4086	G2835
G4086	G1748
G4086	G789
G4086	G1195
G4086	G2406
G4086	G2845
G4086	G160
G4086	G2099
G4086	G1434
G4086	G1433
G4086	G3784
G4086	G1701
G4086	G1435
G4086	G435
G4086	G434
G4086	G3782
G4086	G3783
G4086	G1949
G4086	G111
G4086	G1143
G4086	G3319
G4086	G2825
G4086	G788
G4086	G542
G4086	G701
G4086	G757
G4086	G758
G4086	G791
G4086	G1340
G4086	G1644
G4086	G2128
G4086	G2941
G4086	G2948
G1242	G2443
G1242	G693
G1242	G362
G1242	G364
G1242	G106
G1242	G46
G1242	G2949
G1242	G2442
G1242	G3769
G1242	G1800
G1242	G363
G2725	G3202
G2725	G29
G2725	G159
G2725	G3461
G2725	G3460
G2725	G1657
G2725	G2654
G2725	G3739
G2725	G2096
G2725	G2097
G2725	G3459
G2725	G2732
G2725	G2022
G2725	G2098
G3643	G2318
G3643	G693
G3643	G1784
G3643	G1783
G3643	G3642
G3643	G172
G3643	G432
G3643	G171
G3643	G155
G3643	G174
G3643	G1786
G3643	G1785
G3643	G2079
G3643	G866
G3643	G3136
G3643	G3871
G3643	G3228
G3643	G351
G3643	G4082
G3643	G2457
G3643	G4048
G3643	G2428
G3643	G2704
G3643	G907
G3643	G862
G3643	G173
G3643	G3592
G3643	G1434
G3643	G1433
G3643	G971
G3643	G1435
G3643	G1950
G3643	G1951
G3643	G1438
G3643	G2853
G3643	G3450
G3643	G1742
G3643	G3591
G3643	G2421
G3643	G1949
G3643	G2420
G3643	G433
G3643	G352
G3643	G414
G3643	G4133
G3643	G966
G3643	G967
G3643	G968
G3643	G969
G3643	G970
G3643	G972
G3643	G1041
G3643	G1639
G3643	G1796
G3643	G1946
G3643	G1947
G3643	G1948
G3643	G2418
G3643	G2419
G3643	G2492
G3643	G2493
G3643	G2890
G3643	G2891
G3643	G4128
G3643	G3870
G3643	G3896
G3643	G4243
G700	G703
G700	G704
G700	G4072
G700	G4073
G700	G4071
G700	G4074
G700	G831
G700	G832
G700	G833
G700	G2546
G700	G2545
G700	G2544
G700	G2543
G700	G2542
G700	G2541
G700	G2540
G700	G2539
G700	G1146
G700	G1147
G700	G1163
G700	G1164
G700	G1165
G700	G1166
G700	G1167
G700	G720
G700	G721
G700	G723
G700	G724
G700	G722
G700	G2058
G700	G2059
G700	G2060
G700	G2061
G700	G2063
G700	G2064
G700	G2065
G700	G2066
G700	G2067
G700	G2068
G700	G2069
G700	G2070
G700	G2072
G700	G2071
G700	G2062
G700	G702
G700	G2538
G1253	G3835
G1253	G823
G1253	G2914
G1253	G108
G1253	G109
G1253	G2158
G1253	G1161
G1253	G1327
G1253	G2764
G1253	G4091
G1253	G106
G1253	G3850
G1253	G865
G1253	G3845
G1253	G1779
G1253	G1780
G1253	G1778
G1253	G1777
G1253	G765
G1253	G764
G1253	G679
G1253	G680
G1253	G405
G1253	G404
G1253	G403
G1253	G402
G1253	G401
G1253	G3141
G1253	G831
G1253	G832
G1253	G833
G1253	G3309
G1253	G550
G1253	G3047
G1253	G3048
G1253	G3794
G1253	G551
G1253	G549
G1253	G2552
G1253	G3865
G1253	G3864
G1253	G3863
G1253	G3862
G1253	G1513
G1253	G3834
G1253	G1512
G1253	G2715
G1253	G1657
G1253	G2103
G1253	G2104
G1253	G2105
G1253	G2101
G1253	G2102
G1253	G2998
G1253	G2999
G1253	G1902
G1253	G1135
G1253	G2400
G1253	G2548
G1253	G2549
G1253	G2550
G1253	G2551
G1253	G3671
G1253	G110
G1253	G3188
G1253	G3187
G1253	G1149
G1253	G1150
G1253	G1152
G1253	G1151
G1253	G1148
G1253	G1146
G1253	G1147
G1253	G1037
G1253	G3138
G1253	G3140
G1253	G3139
G1253	G840
G1253	G3486
G1253	G3482
G1253	G809
G1253	G1136
G1253	G3484
G1253	G3483
G1253	G3485
G1253	G2347
G1253	G2348
G1253	G1750
G1253	G3090
G1253	G3093
G1253	G3092
G1253	G3016
G1253	G3086
G1253	G2448
G1253	G1614
G1253	G3088
G1253	G3091
G1253	G3085
G1253	G3087
G1253	G3015
G1253	G3094
G1253	G2451
G1253	G3084
G1253	G3089
G1253	G670
G1253	G671
G1253	G668
G1253	G669
G1253	G3639
G1253	G3778
G1253	G3777
G1253	G672
G1253	G673
G1253	G674
G1253	G675
G1253	G1781
G1253	G1782
G1253	G2909
G1253	G2908
G1253	G2907
G1253	G1
G1253	G2449
G1253	G2428
G1253	G107
G1253	G1176
G1253	G2329
G1253	G2450
G1253	G2906
G1253	G2912
G1253	G2913
G1253	G1748
G1253	G3849
G1253	G1380
G1253	G1381
G1253	G1382
G1253	G834
G1253	G841
G1253	G2330
G1253	G2553
G1253	G1195
G1253	G2346
G1253	G3754
G1253	G3755
G1253	G824
G1253	G160
G1253	G3943
G1253	G2716
G1253	G2726
G1253	G2727
G1253	G3000
G1253	G3248
G1253	G1055
G1253	G34
G1253	G35
G1253	G36
G1253	G37
G1253	G38
G1253	G39
G1253	G40
G1253	G41
G1253	G42
G1253	G720
G1253	G721
G1253	G723
G1253	G724
G1253	G1440
G1253	G722
G1253	G3503
G1253	G3504
G1253	G2139
G1253	G2146
G1253	G3785
G1253	G2427
G1253	G2714
G1253	G424
G1253	G3786
G1253	G3787
G1253	G3788
G1253	G3789
G1253	G3790
G1253	G3791
G1253	G2029
G1253	G2058
G1253	G2059
G1253	G2060
G1253	G2061
G1253	G2063
G1253	G2064
G1253	G2065
G1253	G2066
G1253	G2067
G1253	G2068
G1253	G2069
G1253	G2070
G1253	G2072
G1253	G3243
G1253	G3244
G1253	G3245
G1253	G3246
G1253	G3247
G1253	G2150
G1253	G2149
G1253	G2148
G1253	G2147
G1253	G2145
G1253	G2144
G1253	G2143
G1253	G2142
G1253	G2141
G1253	G2140
G1253	G2138
G1253	G3179
G1253	G3180
G1253	G753
G1253	G2345
G1253	G2071
G1253	G2062
G1253	G423
G1253	G3258
G1253	G3280
G1253	G3281
G1253	G3283
G1253	G3296
G1253	G3297
G1253	G3375
G1253	G870
G1253	G1674
G1253	G1145
G1253	G1137
G1253	G2532
G1253	G2916
G1253	G33
G1253	G3308
G1253	G3307
G1253	G3306
G1253	G3305
G1253	G2886
G1253	G2915
G1253	G3181
G1253	G2222
G1253	G3282
G1253	G32
G1253	G566
G1253	G576
G1253	G577
G1253	G578
G1253	G579
G1253	G580
G1253	G581
G1253	G582
G1253	G583
G1253	G810
G1253	G811
G1253	G871
G1253	G872
G1253	G873
G1253	G874
G1253	G1088
G1253	G1107
G1253	G1215
G1253	G1216
G1253	G1243
G1253	G1353
G1253	G1444
G1253	G1452
G1253	G1488
G1253	G1489
G1253	G1490
G1253	G1491
G1253	G1492
G1253	G1494
G1253	G1568
G1253	G1569
G1253	G1570
G1253	G1571
G1253	G1572
G1253	G1573
G1253	G1797
G1253	G1865
G1253	G2203
G1253	G2223
G1253	G2298
G1253	G2331
G1253	G2332
G1253	G2333
G1253	G2334
G1253	G2335
G1253	G2336
G1253	G2337
G1253	G2338
G1253	G2339
G1253	G2340
G1253	G2351
G1253	G2531
G1253	G2632
G1253	G2679
G1253	G2680
G1253	G2681
G1253	G2728
G1253	G2729
G1253	G2866
G1253	G2867
G1253	G4115
G1253	G2904
G1253	G2905
G1253	G3570
G1253	G3836
G1253	G3837
G1253	G3917
G1253	G4023
G1253	G2887
G1253	G3942
G1253	G4136
G1253	G4148
G1253	G4249
G3130	G703
G3130	G3835
G3130	G3722
G3130	G3730
G3130	G3729
G3130	G108
G3130	G109
G3130	G3731
G3130	G938
G3130	G1327
G3130	G1219
G3130	G104
G3130	G105
G3130	G2764
G3130	G60
G3130	G61
G3130	G62
G3130	G59
G3130	G2657
G3130	G1795
G3130	G1794
G3130	G4104
G3130	G369
G3130	G2959
G3130	G845
G3130	G2537
G3130	G2536
G3130	G3850
G3130	G3479
G3130	G3480
G3130	G3481
G3130	G2009
G3130	G1634
G3130	G1633
G3130	G1632
G3130	G1631
G3130	G1630
G3130	G704
G3130	G2021
G3130	G3921
G3130	G2265
G3130	G562
G3130	G3548
G3130	G405
G3130	G404
G3130	G403
G3130	G402
G3130	G401
G3130	G3141
G3130	G3663
G3130	G4072
G3130	G4073
G3130	G4071
G3130	G4074
G3130	G139
G3130	G2221
G3130	G2220
G3130	G2871
G3130	G2872
G3130	G560
G3130	G559
G3130	G557
G3130	G547
G3130	G558
G3130	G3175
G3130	G2204
G3130	G2734
G3130	G3988
G3130	G3987
G3130	G3986
G3130	G3985
G3130	G3984
G3130	G548
G3130	G3043
G3130	G1787
G3130	G1788
G3130	G2619
G3130	G2621
G3130	G2622
G3130	G2618
G3130	G2620
G3130	G2624
G3130	G2623
G3130	G1513
G3130	G3834
G3130	G1512
G3130	G632
G3130	G2489
G3130	G698
G3130	G696
G3130	G2017
G3130	G697
G3130	G1675
G3130	G2736
G3130	G118
G3130	G2715
G3130	G1657
G3130	G3198
G3130	G3199
G3130	G3197
G3130	G3601
G3130	G3599
G3130	G3600
G3130	G2103
G3130	G2104
G3130	G2105
G3130	G3195
G3130	G3194
G3130	G3656
G3130	G3193
G3130	G3655
G3130	G2101
G3130	G3192
G3130	G2102
G3130	G667
G3130	G2998
G3130	G2999
G3130	G2454
G3130	G2355
G3130	G2356
G3130	G2093
G3130	G3883
G3130	G3882
G3130	G3881
G3130	G3880
G3130	G3719
G3130	G413
G3130	G3723
G3130	G3434
G3130	G3433
G3130	G2956
G3130	G2562
G3130	G321
G3130	G324
G3130	G322
G3130	G323
G3130	G3751
G3130	G110
G3130	G3749
G3130	G3748
G3130	G3747
G3130	G1521
G3130	G3750
G3130	G3752
G3130	G3189
G3130	G1522
G3130	G1523
G3130	G1514
G3130	G1713
G3130	G1714
G3130	G1715
G3130	G2602
G3130	G3021
G3130	G3831
G3130	G3832
G3130	G2749
G3130	G2015
G3130	G2016
G3130	G2014
G3130	G3363
G3130	G3364
G3130	G626
G3130	G627
G3130	G624
G3130	G628
G3130	G625
G3130	G3010
G3130	G3138
G3130	G3140
G3130	G3139
G3130	G2096
G3130	G2097
G3130	G2771
G3130	G2957
G3130	G894
G3130	G866
G3130	G3176
G3130	G3689
G3130	G3174
G3130	G840
G3130	G2735
G3130	G868
G3130	G2952
G3130	G3136
G3130	G3909
G3130	G1029
G3130	G2263
G3130	G2264
G3130	G950
G3130	G3507
G3130	G3509
G3130	G3508
G3130	G3506
G3130	G3510
G3130	G3511
G3130	G2603
G3130	G3637
G3130	G3636
G3130	G3911
G3130	G3016
G3130	G3228
G3130	G3908
G3130	G3015
G3130	G2953
G3130	G3910
G3130	G670
G3130	G671
G3130	G668
G3130	G669
G3130	G3373
G3130	G2723
G3130	G844
G3130	G140
G3130	G3639
G3130	G1557
G3130	G1191
G3130	G2772
G3130	G2524
G3130	G2525
G3130	G2526
G3130	G2527
G3130	G2529
G3130	G2528
G3130	G672
G3130	G673
G3130	G674
G3130	G675
G3130	G2909
G3130	G2908
G3130	G2907
G3130	G3466
G3130	G3467
G3130	G1331
G3130	G3527
G3130	G384
G3130	G3571
G3130	G3219
G3130	G3220
G3130	G3217
G3130	G3218
G3130	G3216
G3130	G3429
G3130	G1518
G3130	G1424
G3130	G4019
G3130	G2357
G3130	G3329
G3130	G3328
G3130	G3746
G3130	G107
G3130	G561
G3130	G818
G3130	G1176
G3130	G2094
G3130	G2329
G3130	G2440
G3130	G2656
G3130	G2906
G3130	G2954
G3130	G2955
G3130	G2958
G3130	G3129
G3130	G3745
G3130	G3849
G3130	G3830
G3130	G2601
G3130	G841
G3130	G2330
G3130	G2013
G3130	G3042
G3130	G3638
G3130	G3335
G3130	G1195
G3130	G2488
G3130	G2490
G3130	G2845
G3130	G4066
G3130	G3944
G3130	G1114
G3130	G1115
G3130	G1434
G3130	G1433
G3130	G2716
G3130	G3784
G3130	G2317
G3130	G1399
G3130	G3000
G3130	G3654
G3130	G1701
G3130	G1130
G3130	G3277
G3130	G103
G3130	G34
G3130	G35
G3130	G36
G3130	G37
G3130	G38
G3130	G39
G3130	G40
G3130	G41
G3130	G42
G3130	G1435
G3130	G3823
G3130	G2032
G3130	G1517
G3130	G695
G3130	G2427
G3130	G100
G3130	G2714
G3130	G1220
G3130	G3615
G3130	G3633
G3130	G3634
G3130	G3635
G3130	G1883
G3130	G2421
G3130	G3782
G3130	G3783
G3130	G3365
G3130	G2247
G3130	G2031
G3130	G2037
G3130	G101
G3130	G102
G3130	G3945
G3130	G185
G3130	G2750
G3130	G3971
G3130	G585
G3130	G1629
G3130	G3278
G3130	G3279
G3130	G3281
G3130	G3331
G3130	G3332
G3130	G3338
G3130	G3339
G3130	G3340
G3130	G3341
G3130	G3342
G3130	G3343
G3130	G3344
G3130	G3345
G3130	G3346
G3130	G3347
G3130	G3352
G3130	G112
G3130	G2420
G3130	G184
G3130	G2098
G3130	G3186
G3130	G2487
G3130	G2316
G3130	G1963
G3130	G1962
G3130	G1961
G3130	G1960
G3130	G1965
G3130	G702
G3130	G1218
G3130	G3939
G3130	G3902
G3130	G3903
G3130	G3968
G3130	G3999
G3130	G4001
G3130	G4002
G3130	G4018
G3130	G33
G3130	G3204
G3130	G4120
G3130	G2582
G3130	G2886
G3130	G2888
G3130	G2889
G3130	G2923
G3130	G2575
G3130	G3143
G3130	G3293
G3130	G4121
G3130	G3454
G3130	G3453
G3130	G3372
G3130	G119
G3130	G4020
G3130	G4021
G3130	G3330
G3130	G3333
G3130	G890
G3130	G3282
G3130	G2876
G3130	G4094
G3130	G3009
G3130	G32
G3130	G182
G3130	G183
G3130	G308
G3130	G310
G3130	G311
G3130	G312
G3130	G313
G3130	G314
G3130	G325
G3130	G331
G3130	G576
G3130	G577
G3130	G578
G3130	G579
G3130	G580
G3130	G581
G3130	G582
G3130	G611
G3130	G630
G3130	G631
G3130	G744
G3130	G757
G3130	G758
G3130	G965
G3130	G966
G3130	G967
G3130	G968
G3130	G969
G3130	G1039
G3130	G1040
G3130	G1107
G3130	G1217
G3130	G1221
G3130	G1258
G3130	G1298
G3130	G1301
G3130	G1302
G3130	G1303
G3130	G1304
G3130	G1305
G3130	G1306
G3130	G1307
G3130	G1308
G3130	G1309
G3130	G1310
G3130	G1311
G3130	G1312
G3130	G1330
G3130	G1346
G3130	G1353
G3130	G1398
G3130	G1414
G3130	G1415
G3130	G1416
G3130	G1417
G3130	G1418
G3130	G1419
G3130	G1420
G3130	G1421
G3130	G1422
G3130	G1481
G3130	G1482
G3130	G1494
G3130	G1495
G3130	G1516
G3130	G1964
G3130	G2012
G3130	G2276
G3130	G2277
G3130	G2331
G3130	G2332
G3130	G2333
G3130	G2334
G3130	G2335
G3130	G2336
G3130	G2337
G3130	G2338
G3130	G2339
G3130	G2340
G3130	G2383
G3130	G2418
G3130	G2419
G3130	G2432
G3130	G2486
G3130	G2576
G3130	G2577
G3130	G2578
G3130	G2579
G3130	G2580
G3130	G2581
G3130	G2593
G3130	G2660
G3130	G2683
G3130	G2783
G3130	G2867
G3130	G4115
G3130	G2904
G3130	G2905
G3130	G2920
G3130	G2921
G3130	G2922
G3130	G3006
G3130	G3007
G3130	G3008
G3130	G3025
G3130	G3026
G3130	G3027
G3130	G3028
G3130	G3144
G3130	G4118
G3130	G3145
G3130	G3146
G3130	G3163
G3130	G3164
G3130	G3165
G3130	G3166
G3130	G3184
G3130	G3185
G3130	G4123
G3130	G3836
G3130	G3901
G3130	G3904
G3130	G3905
G3130	G3906
G3130	G3925
G3130	G3967
G3130	G3969
G3130	G3970
G3130	G3994
G3130	G3995
G3130	G3996
G3130	G3997
G3130	G3998
G3130	G4000
G3130	G4006
G3130	G4007
G3130	G4008
G3130	G4047
G3130	G4050
G3130	G4051
G3130	G1299
G3130	G2887
G3130	G2523
G3130	G4122
G3130	G326
G3130	G327
G3130	G328
G3130	G329
G3130	G330
G3130	G4186
G3130	G4164
G3130	G4144
G3130	G4228
G3130	G4243
G1495	G2265
G1495	G3189
G1495	G1713
G1495	G1714
G1495	G1715
G1495	G1029
G1495	G2263
G1495	G2264
G1495	G1494
G3845	G3843
G3845	G3844
G1865	G2973
G1865	G3729
G1865	G2158
G1865	G1861
G1865	G104
G1865	G3922
G1865	G2764
G1865	G2657
G1865	G1795
G1865	G1592
G1865	G3056
G1865	G2443
G1865	G3502
G1865	G3501
G1865	G3109
G1865	G3479
G1865	G3315
G1865	G1784
G1865	G765
G1865	G3921
G1865	G679
G1865	G318
G1865	G2585
G1865	G495
G1865	G29
G1865	G1847
G1865	G1441
G1865	G355
G1865	G2000
G1865	G3461
G1865	G198
G1865	G3309
G1865	G3047
G1865	G551
G1865	G1813
G1865	G2619
G1865	G2489
G1865	G1657
G1865	G3499
G1865	G3655
G1865	G667
G1865	G2998
G1865	G2999
G1865	G3792
G1865	G3265
G1865	G346
G1865	G447
G1865	G3880
G1865	G445
G1865	G1725
G1865	G3719
G1865	G1064
G1865	G3433
G1865	G505
G1865	G3671
G1865	G3381
G1865	G1140
G1865	G2417
G1865	G2416
G1865	G73
G1865	G3224
G1865	G3225
G1865	G3223
G1865	G826
G1865	G2654
G1865	G2655
G1865	G3841
G1865	G1521
G1865	G1523
G1865	G161
G1865	G4039
G1865	G3569
G1865	G3568
G1865	G2015
G1865	G2016
G1865	G3853
G1865	G3033
G1865	G3010
G1865	G1148
G1865	G1147
G1865	G2957
G1865	G389
G1865	G894
G1865	G866
G1865	G3176
G1865	G529
G1865	G1163
G1865	G1165
G1865	G1202
G1865	G1619
G1865	G372
G1865	G3486
G1865	G3561
G1865	G1504
G1865	G3595
G1865	G3684
G1865	G494
G1865	G3485
G1865	G2637
G1865	G3950
G1865	G1838
G1865	G3524
G1865	G3579
G1865	G1814
G1865	G3462
G1865	G3413
G1865	G1710
G1865	G668
G1865	G1806
G1865	G2723
G1865	G3412
G1865	G2528
G1865	G672
G1865	G2909
G1865	G1617
G1865	G3466
G1865	G3467
G1865	G686
G1865	G825
G1865	G3432
G1865	G371
G1865	G383
G1865	G682
G1865	G1804
G1865	G2253
G1865	G2639
G1865	G2640
G1865	G2732
G1865	G2910
G1865	G2958
G1865	G3064
G1865	G3110
G1865	G3500
G1865	G1591
G1865	G295
G1865	G834
G1865	G835
G1865	G3932
G1865	G1139
G1865	G356
G1865	G3515
G1865	G3951
G1865	G3531
G1865	G3592
G1865	G316
G1865	G315
G1865	G2488
G1865	G2490
G1865	G3411
G1865	G2022
G1865	G3395
G1865	G981
G1865	G3108
G1865	G3877
G1865	G3478
G1865	G3755
G1865	G569
G1865	G3260
G1865	G4066
G1865	G1114
G1865	G317
G1865	G3927
G1865	G1433
G1865	G2716
G1865	G3560
G1865	G3566
G1865	G1024
G1865	G1738
G1865	G3000
G1865	G3001
G1865	G1113
G1865	G651
G1865	G1562
G1865	G3449
G1865	G940
G1865	G3277
G1865	G103
G1865	G3177
G1865	G2850
G1865	G2224
G1865	G3826
G1865	G1436
G1865	G1437
G1865	G195
G1865	G196
G1865	G129
G1865	G3421
G1865	G3715
G1865	G3450
G1865	G3470
G1865	G3473
G1865	G3474
G1865	G3475
G1865	G3513
G1865	G953
G1865	G3714
G1865	G533
G1865	G470
G1865	G2741
G1865	G2740
G1865	G2625
G1865	G100
G1865	G933
G1865	G3589
G1865	G3590
G1865	G3598
G1865	G3603
G1865	G3607
G1865	G3609
G1865	G3620
G1865	G3621
G1865	G3625
G1865	G3626
G1865	G3682
G1865	G3720
G1865	G3735
G1865	G3771
G1865	G3775
G1865	G3776
G1865	G3781
G1865	G3790
G1865	G3791
G1865	G3793
G1865	G2247
G1865	G133
G1865	G1910
G1865	G1981
G1865	G1999
G1865	G2024
G1865	G2044
G1865	G2047
G1865	G2054
G1865	G2058
G1865	G2064
G1865	G2065
G1865	G2066
G1865	G2067
G1865	G2961
G1865	G2023
G1865	G4065
G1865	G752
G1865	G185
G1865	G186
G1865	G1867
G1865	G3107
G1865	G2498
G1865	G3384
G1865	G3238
G1865	G3255
G1865	G3278
G1865	G3281
G1865	G3287
G1865	G3288
G1865	G3316
G1865	G3325
G1865	G132
G1865	G156
G1865	G2098
G1865	G2840
G1865	G2614
G1865	G1763
G1865	G1764
G1865	G681
G1865	G766
G1865	G1913
G1865	G1963
G1865	G433
G1865	G2851
G1865	G2444
G1865	G2192
G1865	G3867
G1865	G3916
G1865	G450
G1865	G2826
G1865	G493
G1865	G838
G1865	G2873
G1865	G2888
G1865	G2925
G1865	G1805
G1865	G2790
G1865	G1869
G1865	G2972
G1865	G4097
G1865	G4170
G1865	G4098
G1865	G4143
G1865	G32
G1865	G205
G1865	G206
G1865	G210
G1865	G211
G1865	G212
G1865	G218
G1865	G219
G1865	G269
G1865	G277
G1865	G287
G1865	G290
G1865	G341
G1865	G342
G1865	G353
G1865	G354
G1865	G390
G1865	G392
G1865	G477
G1865	G481
G1865	G484
G1865	G510
G1865	G521
G1865	G522
G1865	G545
G1865	G568
G1865	G571
G1865	G572
G1865	G599
G1865	G604
G1865	G605
G1865	G607
G1865	G608
G1865	G707
G1865	G708
G1865	G709
G1865	G726
G1865	G745
G1865	G746
G1865	G803
G1865	G804
G1865	G815
G1865	G816
G1865	G837
G1865	G874
G1865	G875
G1865	G878
G1865	G928
G1865	G946
G1865	G957
G1865	G958
G1865	G988
G1865	G1063
G1865	G1089
G1865	G1102
G1865	G1125
G1865	G1126
G1865	G1127
G1865	G1214
G1865	G1257
G1865	G1258
G1865	G1276
G1865	G1277
G1865	G1282
G1865	G1286
G1865	G1287
G1865	G1288
G1865	G1291
G1865	G1298
G1865	G1332
G1865	G1348
G1865	G1349
G1865	G1350
G1865	G1351
G1865	G1352
G1865	G1353
G1865	G1354
G1865	G1355
G1865	G1357
G1865	G1361
G1865	G1391
G1865	G1407
G1865	G1408
G1865	G1430
G1865	G1447
G1865	G1448
G1865	G1449
G1865	G1458
G1865	G1483
G1865	G1484
G1865	G1487
G1865	G1488
G1865	G1489
G1865	G1490
G1865	G1494
G1865	G1505
G1865	G1574
G1865	G1588
G1865	G1589
G1865	G1594
G1865	G1595
G1865	G1606
G1865	G1618
G1865	G1622
G1865	G1623
G1865	G1637
G1865	G1654
G1865	G1655
G1865	G1656
G1865	G1720
G1865	G1723
G1865	G1724
G1865	G1731
G1865	G1737
G1865	G1739
G1865	G1753
G1865	G1791
G1865	G1796
G1865	G1809
G1865	G1822
G1865	G1850
G1865	G1852
G1865	G1858
G1865	G1860
G1865	G1890
G1865	G1901
G1865	G1926
G1865	G1927
G1865	G1932
G1865	G1933
G1865	G1934
G1865	G1935
G1865	G1945
G1865	G1956
G1865	G2132
G1865	G2133
G1865	G2157
G1865	G2194
G1865	G2195
G1865	G2223
G1865	G2226
G1865	G2227
G1865	G2234
G1865	G2246
G1865	G2266
G1865	G2267
G1865	G2268
G1865	G2310
G1865	G2351
G1865	G2352
G1865	G2353
G1865	G2383
G1865	G2385
G1865	G2410
G1865	G2445
G1865	G2463
G1865	G2466
G1865	G2469
G1865	G2486
G1865	G2494
G1865	G2495
G1865	G2499
G1865	G2508
G1865	G2555
G1865	G2568
G1865	G2586
G1865	G2588
G1865	G2589
G1865	G2592
G1865	G2595
G1865	G2607
G1865	G2613
G1865	G2649
G1865	G2659
G1865	G2662
G1865	G2664
G1865	G2665
G1865	G2667
G1865	G2679
G1865	G2688
G1865	G2728
G1865	G2730
G1865	G4109
G1865	G2777
G1865	G2779
G1865	G2788
G1865	G2789
G1865	G2811
G1865	G2824
G1865	G2869
G1865	G2899
G1865	G2930
G1865	G2945
G1865	G2946
G1865	G2960
G1865	G2997
G1865	G3002
G1865	G3007
G1865	G3049
G1865	G3101
G1865	G3102
G1865	G3142
G1865	G3154
G1865	G3209
G1865	G3213
G1865	G3322
G1865	G3852
G1865	G3856
G1865	G3860
G1865	G3912
G1865	G3914
G1865	G3915
G1865	G3924
G1865	G3925
G1865	G3930
G1865	G3952
G1865	G3959
G1865	G3960
G1865	G3996
G1865	G4060
G1865	G1299
G1865	G2887
G1865	G3942
G1865	G2386
G1865	G4172
G1865	G4209
G1159	G2169
G1159	G2914
G1159	G528
G1159	G3479
G1159	G3480
G1159	G3481
G1159	G408
G1159	G3843
G1159	G3844
G1159	G3845
G1159	G3320
G1159	G679
G1159	G680
G1159	G2270
G1159	G3141
G1159	G2269
G1159	G2273
G1159	G2272
G1159	G2271
G1159	G550
G1159	G3047
G1159	G3048
G1159	G551
G1159	G549
G1159	G4011
G1159	G4009
G1159	G4013
G1159	G4014
G1159	G4010
G1159	G4015
G1159	G4016
G1159	G4017
G1159	G1787
G1159	G1788
G1159	G1813
G1159	G2489
G1159	G698
G1159	G696
G1159	G697
G1159	G2168
G1159	G155
G1159	G75
G1159	G74
G1159	G321
G1159	G322
G1159	G323
G1159	G73
G1159	G826
G1159	G3749
G1159	G3748
G1159	G3747
G1159	G2602
G1159	G861
G1159	G17
G1159	G3138
G1159	G3140
G1159	G3139
G1159	G2096
G1159	G2097
G1159	G1388
G1159	G2504
G1159	G2505
G1159	G2506
G1159	G1838
G1159	G2081
G1159	G2603
G1159	G1798
G1159	G2524
G1159	G2525
G1159	G2526
G1159	G2527
G1159	G2529
G1159	G2528
G1159	G18
G1159	G818
G1159	G1177
G1159	G1178
G1159	G1179
G1159	G2722
G1159	G2912
G1159	G2913
G1159	G295
G1159	G3111
G1159	G2601
G1159	G860
G1159	G3095
G1159	G2488
G1159	G2490
G1159	G1812
G1159	G1811
G1159	G3108
G1159	G3275
G1159	G3274
G1159	G3273
G1159	G751
G1159	G3943
G1159	G4124
G1159	G3276
G1159	G3829
G1159	G3277
G1159	G2496
G1159	G34
G1159	G35
G1159	G36
G1159	G37
G1159	G38
G1159	G2224
G1159	G2225
G1159	G3428
G1159	G695
G1159	G3272
G1159	G3271
G1159	G3828
G1159	G4012
G1159	G2171
G1159	G2170
G1159	G859
G1159	G858
G1159	G3107
G1159	G3278
G1159	G3279
G1159	G3280
G1159	G3281
G1159	G2098
G1159	G2080
G1159	G2487
G1159	G33
G1159	G2915
G1159	G2575
G1159	G3282
G1159	G32
G1159	G966
G1159	G967
G1159	G968
G1159	G969
G1159	G1107
G1159	G1405
G1159	G1407
G1159	G1498
G1159	G1500
G1159	G1501
G1159	G1810
G1159	G1850
G1159	G2383
G1159	G2486
G1159	G2576
G1159	G2577
G1159	G2578
G1159	G2579
G1159	G2580
G1159	G2581
G1159	G3096
G1159	G3097
G1159	G3098
G1159	G3099
G1159	G3100
G1159	G3101
G1159	G3102
G1159	G3103
G1159	G3104
G1159	G3105
G1159	G3106
G1159	G4057
G1159	G4058
G1159	G4059
G1159	G3942
G1159	G2523
G1159	G3256
G1159	G4148
G3777	G1327
G3777	G3843
G3777	G159
G3777	G633
G3777	G1512
G3777	G632
G3777	G161
G3777	G3653
G3777	G2025
G3777	G3740
G3777	G809
G3777	G1029
G3777	G790
G3777	G3639
G3777	G2832
G3777	G1176
G3777	G2834
G3777	G2835
G3777	G1748
G3777	G789
G3777	G1195
G3777	G1196
G3777	G4086
G3777	G160
G3777	G2099
G3777	G3389
G3777	G3388
G3777	G1434
G3777	G1433
G3777	G1435
G3777	G3425
G3777	G435
G3777	G434
G3777	G2825
G3777	G2706
G3777	G788
G3777	G542
G3777	G420
G3777	G701
G3777	G791
G3777	G887
G3777	G888
G3777	G889
G3777	G1291
G3777	G1292
G3777	G1856
G3777	G2948
G3777	G2993
G3689	G3988
G3689	G3987
G3689	G3986
G3689	G3985
G3689	G3984
G3689	G632
G3689	G3265
G3689	G787
G3689	G447
G3689	G3671
G3689	G3569
G3689	G3568
G3689	G809
G3689	G790
G3689	G4019
G3689	G1645
G3689	G789
G3689	G1583
G3689	G569
G3689	G570
G3689	G1128
G3689	G751
G3689	G2430
G3689	G2284
G3689	G3283
G3689	G1755
G3689	G4018
G3689	G788
G3689	G4020
G3689	G568
G3689	G791
G3689	G810
G3689	G811
G3689	G1578
G3689	G1579
G3689	G1580
G3689	G1581
G3689	G1582
G3689	G1753
G3689	G1754
G3689	G1856
G3689	G1874
G3689	G2128
G3689	G2246
G3689	G4060
G3689	G4188
G372	G1861
G372	G1746
G372	G76
G372	G2725
G372	G866
G372	G3818
G372	G3817
G372	G3816
G372	G3815
G372	G3814
G372	G3813
G372	G3812
G372	G3811
G372	G3810
G372	G3809
G372	G3808
G372	G3807
G372	G3806
G372	G357
G372	G226
G372	G1057
G372	G373
G372	G3486
G372	G3482
G372	G3484
G372	G3483
G372	G3485
G372	G370
G372	G3219
G372	G3220
G372	G3217
G372	G3218
G372	G3216
G372	G371
G372	G3745
G372	G3379
G372	G4200
G372	G358
G372	G953
G372	G2313
G372	G3280
G372	G3281
G372	G3286
G372	G539
G372	G3827
G372	G2790
G372	G310
G372	G534
G372	G535
G372	G536
G372	G537
G372	G538
G372	G1298
G372	G1443
G372	G1498
G372	G1678
G372	G1853
G372	G1935
G372	G3925
G1194	G2270
G1194	G2571
G1194	G2573
G1194	G2583
G1194	G2584
G1194	G2585
G1194	G2262
G1194	G2269
G1194	G2572
G1194	G2273
G1194	G2272
G1194	G2271
G1194	G1438
G1194	G870
G1194	G345
G1194	G342
G1194	G343
G1194	G344
G1194	G566
G1194	G871
G1194	G872
G1194	G873
G1194	G874
G1194	G1094
G1194	G1206
G1194	G1293
G1194	G1625
G1194	G1706
G1194	G1810
G1194	G1864
G1194	G2153
G1194	G2668
G2081	G90
G2081	G91
G2081	G1202
G2081	G1388
G2081	G3275
G2081	G3274
G2081	G3273
G2081	G1399
G2081	G3276
G2081	G1386
G2081	G2421
G2081	G3281
G2081	G2420
G2081	G829
G2081	G3282
G2081	G828
G2081	G1387
G2081	G1398
G2081	G1405
G2081	G1406
G2081	G1407
G2081	G2418
G2081	G2419
G2081	G4243
G2151	G4010
G2151	G1787
G2151	G1788
G2151	G73
G4091	G3835
G4091	G823
G4091	G3730
G4091	G3729
G4091	G108
G4091	G109
G4091	G3731
G4091	G2158
G4091	G1327
G4091	G1219
G4091	G916
G4091	G528
G4091	G3022
G4091	G2172
G4091	G291
G4091	G292
G4091	G293
G4091	G294
G4091	G3843
G4091	G3844
G4091	G30
G4091	G765
G4091	G764
G4091	G679
G4091	G680
G4091	G405
G4091	G404
G4091	G403
G4091	G402
G4091	G401
G4091	G3309
G4091	G3582
G4091	G3583
G4091	G2204
G4091	G1253
G4091	G1513
G4091	G3834
G4091	G1512
G4091	G2103
G4091	G2104
G4091	G2105
G4091	G3195
G4091	G3194
G4091	G667
G4091	G1135
G4091	G908
G4091	G909
G4091	G910
G4091	G911
G4091	G912
G4091	G913
G4091	G1064
G4091	G2562
G4091	G646
G4091	G2435
G4091	G110
G4091	G1514
G4091	G3021
G4091	G1037
G4091	G2366
G4091	G1163
G4091	G1164
G4091	G1165
G4091	G1166
G4091	G1167
G4091	G869
G4091	G840
G4091	G3561
G4091	G868
G4091	G1504
G4091	G1136
G4091	G1029
G4091	G949
G4091	G950
G4091	G3529
G4091	G3090
G4091	G3093
G4091	G3092
G4091	G3086
G4091	G3088
G4091	G3091
G4091	G3085
G4091	G3087
G4091	G3094
G4091	G3084
G4091	G3089
G4091	G670
G4091	G671
G4091	G668
G4091	G669
G4091	G3639
G4091	G3774
G4091	G672
G4091	G673
G4091	G674
G4091	G675
G4091	G1
G4091	G3773
G4091	G1645
G4091	G1176
G4091	G3849
G4091	G841
G4091	G3638
G4091	G1195
G4091	G3754
G4091	G3755
G4091	G2019
G4091	G915
G4091	G914
G4091	G4066
G4091	G1110
G4091	G3944
G4091	G824
G4091	G3690
G4091	G3560
G4091	G647
G4091	G1701
G4091	G3277
G4091	G34
G4091	G35
G4091	G36
G4091	G37
G4091	G38
G4091	G3713
G4091	G792
G4091	G1431
G4091	G3470
G4091	G953
G4091	G3714
G4091	G2139
G4091	G2146
G4091	G2427
G4091	G2429
G4091	G2799
G4091	G2798
G4091	G2797
G4091	G2796
G4091	G2795
G4091	G2794
G4091	G2793
G4091	G1220
G4091	G3367
G4091	G3368
G4091	G3369
G4091	G2247
G4091	G2038
G4091	G2047
G4091	G2074
G4091	G2150
G4091	G2149
G4091	G2148
G4091	G2147
G4091	G2145
G4091	G2144
G4091	G2143
G4091	G2142
G4091	G2141
G4091	G2140
G4091	G2138
G4091	G3179
G4091	G3945
G4091	G3281
G4091	G3288
G4091	G112
G4091	G1674
G4091	G1963
G4091	G1962
G4091	G1961
G4091	G1960
G4091	G1965
G4091	G1137
G4091	G1218
G4091	G3916
G4091	G33
G4091	G2884
G4091	G3293
G4091	G2780
G4091	G3333
G4091	G1022
G4091	G890
G4091	G3282
G4091	G4111
G4091	G2876
G4091	G207
G4091	G566
G4091	G576
G4091	G577
G4091	G578
G4091	G579
G4091	G580
G4091	G581
G4091	G582
G4091	G583
G4091	G759
G4091	G941
G4091	G942
G4091	G943
G4091	G944
G4091	G945
G4091	G946
G4091	G947
G4091	G1088
G4091	G1215
G4091	G1216
G4091	G1217
G4091	G1221
G4091	G1243
G4091	G1251
G4091	G1359
G4091	G1360
G4091	G1508
G4091	G1509
G4091	G1964
G4091	G2201
G4091	G2202
G4091	G2235
G4091	G2486
G4091	G2779
G4091	G2781
G4091	G4112
G4091	G2782
G4091	G2783
G4091	G2800
G4091	G3168
G4091	G3169
G4091	G3173
G4091	G4035
G4091	G4249
G3691	G891
G3691	G2185
G18	G17
G18	G1388
G18	G954
G18	G955
G18	G956
G18	G957
G826	G823
G826	G3729
G826	G1161
G826	G2518
G826	G2764
G826	G2996
G826	G2634
G826	G3022
G826	G1772
G826	G2172
G826	G845
G826	G693
G826	G3502
G826	G623
G826	G3850
G826	G865
G826	G1762
G826	G3492
G826	G3493
G826	G3336
G826	G1609
G826	G3843
G826	G3844
G826	G410
G826	G1194
G826	G2950
G826	G2179
G826	G4073
G826	G3309
G826	G2073
G826	G2598
G826	G2806
G826	G2204
G826	G4011
G826	G4013
G826	G4014
G826	G4010
G826	G4015
G826	G4016
G826	G4017
G826	G3865
G826	G3864
G826	G89
G826	G1513
G826	G2489
G826	G2715
G826	G1657
G826	G3199
G826	G3601
G826	G750
G826	G3600
G826	G748
G826	G2998
G826	G2999
G826	G3792
G826	G224
G826	G982
G826	G3519
G826	G3518
G826	G3517
G826	G75
G826	G74
G826	G3516
G826	G1628
G826	G3381
G826	G73
G826	G3221
G826	G3222
G826	G3224
G826	G3227
G826	G3225
G826	G3223
G826	G3841
G826	G3189
G826	G1514
G826	G3734
G826	G2749
G826	G3854
G826	G3853
G826	G851
G826	G2949
G826	G2768
G826	G389
G826	G2079
G826	G529
G826	G1163
G826	G1164
G826	G1165
G826	G1166
G826	G1167
G826	G1388
G826	G1708
G826	G687
G826	G223
G826	G357
G826	G868
G826	G1504
G826	G3595
G826	G1601
G826	G2347
G826	G3949
G826	G2603
G826	G3078
G826	G3077
G826	G2988
G826	G3079
G826	G1710
G826	G2723
G826	G4078
G826	G844
G826	G830
G826	G4077
G826	G2917
G826	G3777
G826	G895
G826	G3380
G826	G1193
G826	G1122
G826	G825
G826	G1800
G826	G1242
G826	G654
G826	G983
G826	G991
G826	G2447
G826	G2722
G826	G2732
G826	G2733
G826	G3215
G826	G3821
G826	G4087
G826	G72
G826	G1252
G826	G356
G826	G3887
G826	G588
G826	G388
G826	G2488
G826	G2490
G826	G2346
G826	G2022
G826	G1162
G826	G1061
G826	G1812
G826	G3755
G826	G4066
G826	G3275
G826	G3274
G826	G3273
G826	G2350
G826	G1114
G826	G1115
G826	G3690
G826	G2716
G826	G2724
G826	G3532
G826	G3564
G826	G1399
G826	G2965
G826	G2349
G826	G3000
G826	G1113
G826	G3449
G826	G3448
G826	G2496
G826	G3713
G826	G3823
G826	G802
G826	G801
G826	G792
G826	G1437
G826	G1438
G826	G3121
G826	G2989
G826	G2990
G826	G3419
G826	G3435
G826	G953
G826	G3714
G826	G1743
G826	G1745
G826	G2714
G826	G3895
G826	G3805
G826	G3641
G826	G3659
G826	G1887
G826	G3760
G826	G3765
G826	G3770
G826	G3771
G826	G3772
G826	G3366
G826	G3065
G826	G3066
G826	G133
G826	G4012
G826	G1986
G826	G2029
G826	G2050
G826	G2072
G826	G2074
G826	G2075
G826	G2150
G826	G2151
G826	G2615
G826	G374
G826	G423
G826	G1629
G826	G3226
G826	G3261
G826	G3280
G826	G3288
G826	G3292
G826	G3300
G826	G3310
G826	G120
G826	G2420
G826	G2487
G826	G742
G826	G741
G826	G702
G826	G1038
G826	G3867
G826	G3916
G826	G113
G826	G55
G826	G3319
G826	G2884
G826	G2966
G826	G3050
G826	G688
G826	G1192
G826	G1294
G826	G4
G826	G183
G826	G269
G826	G287
G826	G353
G826	G437
G826	G521
G826	G541
G826	G543
G826	G564
G826	G616
G826	G618
G826	G691
G826	G692
G826	G701
G826	G706
G826	G730
G826	G747
G826	G758
G826	G791
G826	G806
G826	G815
G826	G819
G826	G828
G826	G836
G826	G903
G826	G988
G826	G1044
G826	G1107
G826	G1125
G826	G1203
G826	G1260
G826	G1337
G826	G1340
G826	G1404
G826	G1428
G826	G1505
G826	G1535
G826	G1543
G826	G1565
G826	G1644
G826	G1656
G826	G1677
G826	G1679
G826	G1682
G826	G1694
G826	G1707
G826	G1842
G826	G1843
G826	G1864
G826	G1865
G826	G2089
G826	G2152
G826	G2160
G826	G2202
G826	G2203
G826	G2260
G826	G2290
G826	G2383
G826	G2486
G826	G2497
G826	G2633
G826	G2660
G826	G2661
G826	G2779
G826	G2820
G826	G2821
G826	G2822
G826	G2841
G826	G2867
G826	G2868
G826	G3023
G826	G3049
G826	G3196
G826	G3206
G826	G3851
G826	G3852
G826	G3898
G826	G3914
G826	G3924
G826	G3925
G826	G3948
G826	G4022
G826	G4023
G826	G4031
G826	G4132
G826	G3256
G826	G4181
G826	G4209
G2339	G2329
G2339	G2330
G2339	G2331
G2339	G2332
G2339	G2333
G2339	G2334
G2339	G2335
G2339	G2336
G2339	G2337
G2339	G2338
G2339	G2340
G2552	G3794
G2552	G2546
G2552	G2545
G2552	G2544
G2552	G2543
G2552	G2542
G2552	G2541
G2552	G2540
G2552	G2539
G2552	G2547
G2552	G2548
G2552	G2549
G2552	G2550
G2552	G2551
G2552	G2329
G2552	G2330
G2552	G2533
G2552	G2534
G2552	G2331
G2552	G2332
G2552	G2333
G2552	G2334
G2552	G2335
G2552	G2336
G2552	G2337
G2552	G2338
G2552	G2339
G2552	G2340
G2552	G2538
G1222	G1223
G1222	G1224
G1222	G1225
G1222	G1226
G1222	G1227
G1222	G3765
G3946	G3944
G3946	G3945
G1434	G1327
G1434	G159
G1434	G1512
G1434	G321
G1434	G322
G1434	G323
G1434	G161
G1434	G3653
G1434	G2025
G1434	G809
G1434	G3885
G1434	G949
G1434	G790
G1434	G3639
G1434	G2832
G1434	G2357
G1434	G2834
G1434	G2835
G1434	G1748
G1434	G789
G1434	G1195
G1434	G4086
G1434	G3275
G1434	G3274
G1434	G3273
G1434	G160
G1434	G2099
G1434	G3389
G1434	G3388
G1434	G1433
G1434	G1435
G1434	G435
G1434	G434
G1434	G3272
G1434	G3271
G1434	G2825
G1434	G2979
G1434	G2980
G1434	G2981
G1434	G788
G1434	G542
G1434	G420
G1434	G701
G1434	G791
G1434	G887
G1434	G888
G1434	G889
G1434	G1092
G1434	G1093
G1434	G1094
G1434	G1095
G1434	G1360
G1434	G2948
G1434	G2977
G1434	G2978
G2379	G908
G2379	G909
G2379	G910
G2379	G911
G2379	G912
G2379	G913
G2379	G1583
G2379	G2066
G2379	G2067
G2379	G2068
G2379	G2069
G2379	G2070
G2379	G2072
G2379	G2376
G2379	G2071
G2379	G150
G2379	G2503
G2379	G2502
G2379	G930
G2379	G1578
G2379	G1579
G2379	G1580
G2379	G1581
G2379	G1582
G2379	G1605
G2379	G2377
G2379	G2378
G2379	G2468
G2379	G2469
G2379	G2500
G2379	G2501
G2379	G3185
G2783	G2780
G2783	G4111
G2783	G2779
G2783	G2781
G2783	G4112
G2783	G2782
G3281	G623
G3281	G3694
G3281	G3843
G3281	G3844
G3281	G1159
G3281	G2562
G3281	G412
G3281	G3695
G3281	G1252
G3281	G3275
G3281	G3274
G3281	G3273
G3281	G1399
G3281	G3276
G3281	G3277
G3281	G424
G3281	G3272
G3281	G3271
G3281	G423
G3281	G3278
G3281	G3279
G3281	G3280
G3281	G3282
G3281	G457
G3281	G458
G3281	G1398
G3281	G1403
G3281	G1404
G3281	G1484
G3281	G1485
G3281	G1535
G3280	G3275
G3280	G3274
G3280	G3273
G3280	G1399
G3280	G3277
G3280	G3272
G3280	G3271
G3280	G3278
G3280	G3279
G3280	G3281
G3280	G3282
G3280	G1398
G325	G331
G325	G326
G325	G327
G325	G328
G325	G329
G325	G330
G3191	G4119
G3191	G3190
G1058	G3132
G1058	G1194
G1058	G2204
G1058	G3198
G1058	G3201
G1058	G3199
G1058	G3197
G1058	G3200
G1058	G148
G1058	G3668
G1058	G3669
G1058	G626
G1058	G529
G1058	G1057
G1058	G3724
G1058	G3725
G1058	G2832
G1058	G2834
G1058	G2835
G1058	G1510
G1058	G3335
G1058	G3275
G1058	G3274
G1058	G3273
G1058	G3276
G1058	G3277
G1058	G435
G1058	G434
G1058	G584
G1058	G3946
G1058	G3280
G1058	G3947
G1058	G521
G1058	G779
G1058	G819
G1058	G941
G1058	G942
G1058	G943
G1058	G944
G1058	G945
G1058	G946
G1058	G947
G1058	G1088
G1058	G1405
G1058	G1406
G1058	G1407
G1058	G1509
G1058	G1542
G1058	G1722
G1058	G2596
G1058	G2993
G1058	G3012
G1146	G3835
G1146	G823
G1146	G1161
G1146	G3850
G1146	G765
G1146	G764
G1146	G3141
G1146	G831
G1146	G832
G1146	G833
G1146	G3794
G1146	G3865
G1146	G3864
G1146	G3863
G1146	G3862
G1146	G3834
G1146	G908
G1146	G909
G1146	G910
G1146	G911
G1146	G912
G1146	G913
G1146	G1149
G1146	G1150
G1146	G1152
G1146	G1151
G1146	G1148
G1146	G3138
G1146	G3140
G1146	G3139
G1146	G1254
G1146	G840
G1146	G809
G1146	G1176
G1146	G3849
G1146	G1380
G1146	G1381
G1146	G1382
G1146	G841
G1146	G3754
G1146	G3755
G1146	G824
G1146	G3248
G1146	G2139
G1146	G2146
G1146	G3785
G1146	G2799
G1146	G2798
G1146	G2797
G1146	G2796
G1146	G2795
G1146	G2794
G1146	G2793
G1146	G933
G1146	G932
G1146	G3786
G1146	G3787
G1146	G3788
G1146	G3789
G1146	G3790
G1146	G3791
G1146	G2058
G1146	G2059
G1146	G2060
G1146	G2061
G1146	G2063
G1146	G2064
G1146	G2065
G1146	G2066
G1146	G2067
G1146	G2068
G1146	G2069
G1146	G2070
G1146	G2072
G1146	G3243
G1146	G3244
G1146	G3245
G1146	G3246
G1146	G3247
G1146	G2150
G1146	G2149
G1146	G2148
G1146	G2147
G1146	G2145
G1146	G2144
G1146	G2143
G1146	G2142
G1146	G2141
G1146	G2140
G1146	G2138
G1146	G2071
G1146	G2062
G1146	G934
G1146	G2532
G1146	G32
G1146	G576
G1146	G577
G1146	G578
G1146	G579
G1146	G580
G1146	G581
G1146	G582
G1146	G810
G1146	G811
G1146	G1407
G1146	G1488
G1146	G1489
G1146	G1490
G1146	G1491
G1146	G1492
G1146	G1568
G1146	G1569
G1146	G1570
G1146	G1571
G1146	G1572
G1146	G1573
G1146	G1692
G1146	G1693
G1146	G2531
G1146	G2800
G1146	G3836
G1146	G3837
G1146	G3917
G2057	G3141
G2057	G3794
G2057	G908
G2057	G909
G2057	G910
G2057	G911
G2057	G912
G2057	G913
G2057	G3138
G2057	G3140
G2057	G3139
G2057	G809
G2057	G1380
G2057	G1381
G2057	G1382
G2057	G3785
G2057	G3786
G2057	G3787
G2057	G3788
G2057	G3789
G2057	G3790
G2057	G3791
G2057	G2058
G2057	G2059
G2057	G2060
G2057	G2061
G2057	G2063
G2057	G2064
G2057	G2065
G2057	G2066
G2057	G2067
G2057	G2068
G2057	G2069
G2057	G2070
G2057	G2072
G2057	G2071
G2057	G2062
G2057	G2532
G2057	G810
G2057	G811
G2057	G1407
G2057	G1568
G2057	G1569
G2057	G1570
G2057	G1571
G2057	G1572
G2057	G1573
G2057	G1692
G2057	G1693
G2057	G2531
G2057	G3917
G1313	G1301
G1313	G1302
G1313	G1303
G1313	G1304
G1313	G1305
G1313	G1306
G1313	G1307
G1313	G1308
G1313	G1309
G1313	G1310
G1313	G1311
G1313	G1312
G1313	G1314
G2224	G2318
G2224	G3277
G2224	G2225
G2224	G3278
G2224	G3279
G2224	G2222
G2224	G1405
G2224	G1406
G2224	G1407
G2224	G1955
G2224	G1956
G2224	G2223
G2224	G2226
G2224	G2227
G2224	G2228
G2224	G2229
G2224	G2230
G2510	G2511
G2510	G2512
G2510	G435
G2510	G434
G3022	G2169
G3022	G2634
G3022	G3687
G3022	G3686
G3022	G3132
G3022	G255
G3022	G2959
G3022	G3957
G3022	G3161
G3022	G106
G3022	G30
G3022	G31
G3022	G2175
G3022	G777
G3022	G91
G3022	G2998
G3022	G2999
G3022	G3792
G3022	G2168
G3022	G2956
G3022	G3397
G3022	G826
G3022	G2957
G3022	G1619
G3022	G2952
G3022	G2953
G3022	G2319
G3022	G2954
G3022	G2955
G3022	G2958
G3022	G3688
G3022	G860
G3022	G3951
G3022	G3685
G3022	G751
G3022	G3000
G3022	G2496
G3022	G43
G3022	G802
G3022	G801
G3022	G800
G3022	G799
G3022	G798
G3022	G792
G3022	G1220
G3022	G2171
G3022	G2170
G3022	G282
G3022	G812
G3022	G1506
G3022	G1640
G3022	G1641
G3022	G1642
G3022	G1643
G3022	G1644
G3022	G1850
G3022	G2160
G3022	G2310
G3022	G2939
G3022	G2997
G530	G2079
G530	G866
G1112	G2178
G1112	G891
G1112	G2185
G1112	G3037
G1112	G3038
G1112	G1019
G1112	G3582
G1112	G3583
G1112	G2204
G1112	G3733
G1112	G1020
G1112	G1021
G1112	G3260
G1112	G1207
G1112	G1701
G1112	G178
G1112	G2876
G1112	G207
G1112	G416
G1112	G2201
G1112	G2202
G1806	G90
G1806	G89
G1806	G91
G1806	G3714
G1806	G3280
G1806	G890
G1806	G1606
G3733	G3730
G3733	G3729
G3733	G3731
G3461	G1327
G3461	G3460
G3461	G2355
G3461	G2356
G3461	G2096
G3461	G2097
G3461	G3595
G3461	G3459
G3461	G2456
G3461	G3228
G3461	G718
G3461	G2098
G625	G1634
G625	G1633
G625	G1632
G625	G1631
G625	G1630
G625	G4090
G625	G2265
G625	G4009
G625	G3487
G625	G1713
G625	G1714
G625	G1715
G625	G626
G625	G627
G625	G624
G625	G628
G625	G4089
G625	G2263
G625	G2264
G625	G3488
G625	G4087
G625	G4088
G625	G3179
G625	G3180
G625	G2750
G625	G1629
G625	G3181
G625	G630
G625	G631
G625	G989
G625	G1403
G625	G1404
G625	G1407
G625	G2305
G625	G2306
G625	G2307
G625	G2308
G625	G2309
G625	G2310
G625	G4006
G625	G4007
G625	G4008
G2530	G2532
G2530	G2531
G535	G405
G535	G404
G535	G403
G535	G402
G535	G401
G535	G539
G535	G534
G535	G536
G535	G537
G535	G538
G535	G1853
G676	G677
G676	G678
G156	G2914
G156	G2912
G156	G2913
G156	G2916
G156	G2915
G156	G2606
G156	G2607
G156	G2608
G3804	G3805
G3804	G3800
G3804	G3801
G3804	G3802
G3804	G3803
G3761	G1755
G3761	G278
G3761	G1103
G3761	G1753
G3761	G1754
G3761	G1856
G3761	G4147
G949	G950
G1631	G1634
G1631	G1633
G1631	G1632
G1631	G1630
G1631	G1629
G2491	G441
G2491	G3160
G2491	G106
G2491	G3845
G2491	G2572
G2491	G495
G2491	G1030
G2491	G2489
G2491	G1657
G2491	G3723
G2491	G1140
G2491	G2015
G2491	G595
G2491	G84
G2491	G3424
G2491	G50
G2491	G494
G2491	G439
G2491	G469
G2491	G3908
G2491	G1782
G2491	G107
G2491	G2857
G2491	G3457
G2491	G2488
G2491	G2490
G2491	G2350
G2491	G2099
G2491	G3558
G2491	G3000
G2491	G3059
G2491	G1950
G2491	G953
G2491	G1141
G2491	G2627
G2491	G3805
G2491	G3590
G2491	G3604
G2491	G3640
G2491	G1338
G2491	G3272
G2491	G133
G2491	G1980
G2491	G1981
G2491	G1991
G2491	G1157
G2491	G3971
G2491	G1031
G2491	G3280
G2491	G3281
G2491	G135
G2491	G2487
G2491	G1142
G2491	G1143
G2491	G1913
G2491	G1137
G2491	G4105
G2491	G2444
G2491	G4001
G2491	G2856
G2491	G2873
G2491	G440
G2491	G2446
G2491	G4131
G2491	G179
G2491	G877
G2491	G879
G2491	G880
G2491	G901
G2491	G902
G2491	G988
G2491	G1096
G2491	G1102
G2491	G1103
G2491	G1121
G2491	G1127
G2491	G1138
G2491	G1168
G2491	G1231
G2491	G1289
G2491	G1337
G2491	G1405
G2491	G1406
G2491	G1421
G2491	G1422
G2491	G1445
G2491	G1447
G2491	G1567
G2491	G1656
G2491	G1677
G2491	G1716
G2491	G1857
G2491	G2135
G2491	G2136
G2491	G2155
G2491	G2156
G2491	G2194
G2491	G2199
G2491	G2207
G2491	G2227
G2491	G2228
G2491	G2237
G2491	G2445
G2491	G2483
G2491	G2486
G2491	G2497
G2491	G2581
G2491	G2809
G2491	G2820
G2491	G2821
G2491	G3002
G2491	G3872
G2491	G3873
G2491	G3907
G2491	G3953
G2491	G3954
G2491	G3970
G2491	G4057
G2491	G4058
G3277	G405
G3277	G404
G3277	G403
G3277	G402
G3277	G401
G3277	G172
G3277	G1813
G3277	G2998
G3277	G2999
G3277	G1902
G3277	G171
G3277	G174
G3277	G826
G3277	G3885
G3277	G1838
G3277	G173
G3277	G3275
G3277	G3274
G3277	G3273
G3277	G1399
G3277	G3276
G3277	G3000
G3277	G3771
G3277	G3772
G3277	G3278
G3277	G3279
G3277	G3280
G3277	G3281
G3277	G1398
G3277	G3256
G3205	G1746
G3205	G1747
G3205	G3971
G3205	G3186
G3205	G3968
G3205	G3204
G3205	G4120
G3205	G3184
G3205	G3185
G3205	G3967
G3205	G3969
G3205	G3970
G3967	G3971
G3967	G3968
G3967	G3204
G3967	G4120
G3967	G3969
G3967	G3970
G2889	G1424
G2889	G4019
G2889	G2886
G2889	G2888
G2889	G4020
G2889	G4021
G2889	G4050
G2889	G4051
G2889	G2887
G4021	G1518
G4021	G4019
G4021	G1517
G4021	G4018
G4021	G2889
G4021	G4020
G4021	G1516
G4021	G4050
G4021	G4051
G1519	G1518
G1519	G1517
G1519	G1516
G3899	G3902
G3899	G3903
G3899	G3900
G3899	G3901
G3899	G3904
G3899	G3905
G3899	G3906
G4083	G1603
G4083	G362
G4083	G364
G4083	G2949
G4083	G1180
G4083	G1181
G4083	G1182
G4083	G1183
G4083	G1184
G4083	G363
G3189	G3751
G3189	G3749
G3189	G3748
G3189	G3747
G3189	G3750
G3189	G3752
G3189	G3188
G3189	G3187
G3189	G376
G3189	G3335
G107	G108
G107	G109
G107	G405
G107	G404
G107	G403
G107	G402
G107	G401
G107	G88
G107	G92
G107	G3988
G107	G3987
G107	G3986
G107	G3985
G107	G3984
G107	G90
G107	G80
G107	G89
G107	G85
G107	G91
G107	G148
G107	G432
G107	G110
G107	G83
G107	G87
G107	G84
G107	G81
G107	G82
G107	G86
G107	G1037
G107	G1601
G107	G77
G107	G78
G107	G79
G107	G1602
G107	G2427
G107	G433
G107	G2780
G107	G4111
G107	G2779
G107	G2781
G107	G4112
G107	G2782
G4124	G1787
G4124	G1788
G4124	G2998
G4124	G2999
G4124	G3514
G4124	G3000
G1543	G3990
G1543	G3989
G1543	G73
G1543	G3108
G1543	G3714
G1543	G3107
G1543	G584
G1543	G3999
G1543	G4001
G1543	G4002
G1543	G4034
G1543	G2575
G1543	G890
G1543	G875
G1543	G1107
G1543	G1302
G1543	G1303
G1543	G1304
G1543	G1305
G1543	G1306
G1543	G1307
G1543	G1308
G1543	G1309
G1543	G1310
G1543	G1311
G1543	G1312
G1543	G2576
G1543	G2577
G1543	G2578
G1543	G2579
G1543	G2580
G1543	G2581
G1543	G3097
G1543	G3098
G1543	G3099
G1543	G3100
G1543	G3101
G1543	G3102
G1543	G3103
G1543	G3104
G1543	G3105
G1543	G3106
G1543	G3997
G1543	G3998
G1543	G4000
G1543	G4033
G1543	G4186
G2822	G3461
G2822	G4011
G2822	G4013
G2822	G4014
G2822	G4015
G2822	G4016
G2822	G4017
G2822	G1787
G2822	G1788
G2822	G4012
G2822	G2823
G2822	G1298
G1405	G916
G1405	G908
G1405	G909
G1405	G910
G1405	G911
G1405	G912
G1405	G913
G1405	G18
G1405	G915
G1405	G914
G1405	G3277
G1405	G3651
G1405	G3652
G1405	G3272
G1405	G3271
G1405	G3278
G1405	G3279
G1405	G3280
G1405	G1406
G62	G60
G62	G61
G62	G59
G62	G2657
G62	G1795
G62	G1794
G62	G4104
G62	G369
G62	G3329
G62	G3328
G62	G2656
G62	G3937
G62	G3935
G62	G4129
G62	G3936
G62	G1403
G62	G1404
G3636	G3637
G3636	G3638
G3636	G3633
G3636	G3634
G3636	G3635
G3830	G3831
G3830	G3832
G3663	G2009
G3663	G4072
G3663	G4073
G3663	G4071
G3663	G4074
G3663	G2771
G3663	G3136
G3663	G3228
G3663	G384
G3663	G3571
G3663	G2247
G3663	G965
G2627	G2715
G2627	G2716
G2627	G2714
G931	G3466
G931	G3467
G931	G3275
G931	G3274
G931	G3273
G931	G933
G931	G932
G931	G934
G931	G3281
G931	G3282
G2919	G2923
G2919	G2925
G2919	G2926
G2919	G2927
G2919	G2920
G2919	G2921
G2919	G2922
G2919	G2924
G2919	G2928
G2919	G2929
G3011	G4009
G3011	G3010
G3011	G3978
G3011	G3009
G3011	G3006
G3011	G3007
G3011	G3008
G3011	G3979
G3011	G4006
G3011	G4007
G3011	G4008
G2077	G2076
G2077	G1940
G2077	G3895
G3697	G713
G3697	G714
G3697	G716
G3697	G717
G3697	G715
G778	G4072
G778	G4073
G778	G4071
G778	G4074
G778	G2771
G778	G384
G2017	G698
G2017	G696
G2017	G2653
G2017	G697
G2017	G2015
G2017	G2016
G2017	G2014
G2017	G695
G2017	G2750
G2653	G698
G2653	G696
G2653	G2017
G2653	G697
G2653	G2015
G2653	G2016
G2653	G2014
G2653	G695
G2653	G2750
G3192	G2103
G3192	G2104
G3192	G2105
G3192	G3195
G3192	G3656
G3192	G3655
G3192	G2101
G3192	G2102
G3192	G3654
G324	G321
G324	G322
G324	G323
G3758	G88
G3758	G2862
G3758	G92
G3758	G90
G3758	G80
G3758	G89
G3758	G85
G3758	G91
G3758	G83
G3758	G87
G3758	G84
G3758	G81
G3758	G82
G3758	G86
G3758	G655
G3758	G58
G3758	G2637
G3758	G2520
G3758	G2636
G3758	G2635
G3758	G2456
G3758	G3562
G3758	G2863
G3758	G2861
G3758	G3774
G3758	G895
G3758	G1109
G3758	G1108
G3758	G3773
G3758	G718
G3758	G1803
G3758	G3555
G3758	G79
G3758	G1804
G3758	G3409
G3758	G738
G3758	G3759
G3758	G739
G3758	G634
G3758	G1744
G3758	G1883
G3758	G1984
G3758	G2519
G3758	G211
G3758	G212
G3758	G217
G3758	G218
G3758	G219
G3758	G220
G3758	G827
G3758	G989
G3758	G1624
G3758	G1637
G3758	G1704
G3758	G3322
G3758	G4040
G3758	G1757
G3758	G1756
G3568	G2399
G3568	G2400
G3568	G3569
G3568	G3734
G1559	G30
G1559	G31
G1559	G2175
G1559	G2715
G1559	G2401
G1559	G2399
G1559	G2355
G1559	G2356
G1559	G1132
G1559	G3885
G1559	G2324
G1559	G3724
G1559	G492
G1559	G2174
G1559	G3725
G1559	G491
G1559	G2405
G1559	G2347
G1559	G2348
G1559	G990
G1559	G882
G1559	G2745
G1559	G2744
G1559	G2173
G1559	G1059
G1559	G316
G1559	G315
G1559	G1060
G1559	G2716
G1559	G1745
G1559	G2714
G3637	G3636
G3520	G3521
G528	G916
G528	G908
G528	G909
G528	G910
G528	G911
G528	G912
G528	G913
G528	G915
G528	G914
G3501	G3502
G3501	G3499
G3501	G3500
G2084	G2085
G2084	G2086
G2084	G2087
G2084	G2088
G293	G291
G293	G292
G293	G294
G3320	G2093
G3320	G1159
G317	G319
G317	G318
G317	G320
G2219	G2221
G2219	G2220
G2870	G2871
G2870	G2872
G76	G3730
G76	G3729
G76	G108
G76	G109
G76	G3731
G76	G1161
G76	G106
G76	G291
G76	G292
G76	G293
G76	G294
G76	G3130
G76	G2265
G76	G679
G76	G680
G76	G405
G76	G404
G76	G403
G76	G402
G76	G401
G76	G3141
G76	G1746
G76	G1747
G76	G2598
G76	G2734
G76	G2033
G76	G2034
G76	G1675
G76	G2736
G76	G1064
G76	G110
G76	G1713
G76	G1714
G76	G1715
G76	G3363
G76	G3364
G76	G3138
G76	G3140
G76	G3139
G76	G3174
G76	G3645
G76	G2735
G76	G809
G76	G3684
G76	G1601
G76	G2263
G76	G2264
G76	G1575
G76	G3648
G76	G107
G76	G1748
G76	G295
G76	G1195
G76	G1434
G76	G1433
G76	G2533
G76	G1435
G76	G68
G76	G3365
G76	G3376
G76	G3377
G76	G3378
G76	G112
G76	G3939
G76	G2243
G76	G311
G76	G312
G76	G313
G76	G314
G76	G966
G76	G967
G76	G968
G76	G969
G76	G1676
G76	G1966
G76	G2783
G76	G2035
G76	G4227
G2624	G2619
G2624	G2621
G2624	G2622
G2624	G2618
G2624	G2620
G2624	G2623
G4141	G1963
G4141	G1962
G4141	G1961
G4141	G1960
G4141	G1965
G4141	G1964
G2527	G2524
G2527	G2525
G2527	G2526
G2527	G2529
G2527	G2528
G2527	G2523
G2528	G2524
G2528	G2525
G2528	G2526
G2528	G2527
G2528	G2529
G2528	G2523
G73	G3479
G73	G3480
G73	G3481
G73	G3845
G73	G72
G73	G3000
G73	G69
G73	G70
G73	G71
G73	G2575
G73	G604
G73	G2576
G73	G2577
G73	G2578
G73	G2579
G73	G2580
G73	G2581
G73	G2787
G73	G2788
G73	G4058
G73	G4059
G2655	G2654
G1433	G1434
G1433	G1435
G4080	G689
G4080	G2422
G4080	G868
G4080	G690
G3511	G1524
G3511	G3724
G3511	G3725
G3511	G3507
G3511	G3509
G3511	G3508
G3511	G3506
G3511	G3510
G3511	G1937
G3511	G1938
G3778	G2443
G3778	G1512
G3778	G3639
G3778	G3777
G3778	G2442
G3778	G3775
G3778	G2993
G2909	G2908
G2909	G2907
G2909	G2906
G2909	G4115
G2909	G2904
G2909	G2905
G969	G3424
G969	G223
G969	G356
G969	G359
G969	G1824
G969	G1825
G969	G1812
G969	G1811
G969	G971
G969	G940
G969	G1826
G969	G1827
G969	G939
G969	G999
G969	G1828
G969	G1829
G969	G1830
G969	G901
G969	G966
G969	G967
G969	G968
G969	G970
G969	G972
G969	G998
G969	G1810
G969	G2944
G969	G2945
G1521	G1522
G1521	G1523
G1864	G870
G1864	G345
G1864	G342
G1864	G343
G1864	G344
G1864	G871
G1864	G872
G1864	G873
G1864	G874
G2253	G2254
G2253	G2255
G3333	G62
G3333	G3329
G3333	G3328
G3333	G3746
G3333	G3331
G3333	G3332
G3333	G3330
G32	G34
G32	G35
G32	G36
G32	G37
G32	G38
G32	G39
G32	G40
G32	G41
G32	G42
G32	G33
G3368	G3367
G3368	G3369
G3338	G1746
G3338	G2103
G3338	G2102
G3338	G3339
G3338	G3340
G3338	G3341
G3338	G3342
G3338	G3343
G3338	G3344
G3338	G3345
G3338	G3346
G3338	G3347
G3338	G2885
G3723	G3722
G3723	G3047
G3723	G3601
G3723	G750
G3723	G2952
G3723	G3383
G3723	G3228
G3723	G3014
G3723	G3466
G3723	G3467
G3723	G2440
G3723	G1812
G3723	G3468
G3723	G3721
G3723	G1460
G3723	G3280
G3723	G2889
G3723	G3050
G3723	G3058
G3723	G3208
G3723	G4128
G3723	G4092
G3828	G2998
G3828	G2999
G3828	G1399
G3828	G3829
G3828	G3000
G3828	G3281
G3828	G3282
G3828	G1398
G310	G311
G310	G312
G310	G313
G310	G314
G2385	G2388
G2385	G2389
G2385	G2390
G2385	G2386
G2385	G2387
G1723	G1746
G1723	G1747
G477	G478
G477	G475
G477	G476
G477	G479
G477	G480
G477	G481
G477	G482
G477	G483
G477	G484
G475	G485
G475	G486
G475	G487
G1415	G1414
G1415	G1416
G1415	G1417
G1415	G1418
G1415	G1419
G1415	G1420
G1415	G1421
G1415	G1422
G1951	G2318
G1951	G834
G1951	G1950
G1951	G1949
G1951	G1639
G1951	G1946
G1951	G1947
G1951	G1948
G1126	G1123
G1126	G1124
G1126	G1125
G436	G1787
G436	G1788
G436	G3778
G436	G3777
G436	G1434
G436	G1433
G436	G1435
G436	G435
G436	G434
G3886	G108
G3886	G109
G3886	G2009
G3886	G765
G3886	G764
G3886	G2552
G3886	G1611
G3886	G2400
G3886	G2546
G3886	G2545
G3886	G2544
G3886	G2543
G3886	G2542
G3886	G2541
G3886	G2540
G3886	G2539
G3886	G2547
G3886	G2548
G3886	G2549
G3886	G2550
G3886	G2551
G3886	G1616
G3886	G826
G3886	G1037
G3886	G1613
G3886	G1612
G3886	G809
G3886	G3530
G3886	G1614
G3886	G2457
G3886	G1557
G3886	G1617
G3886	G1615
G3886	G3137
G3886	G3379
G3886	G2553
G3886	G3531
G3886	G1319
G3886	G1812
G3886	G1811
G3886	G2408
G3886	G2407
G3886	G1583
G3886	G3532
G3886	G3533
G3886	G3534
G3886	G3535
G3886	G3536
G3886	G3537
G3886	G3539
G3886	G3540
G3886	G3538
G3886	G194
G3886	G3785
G3886	G1338
G3886	G1339
G3886	G3786
G3886	G3787
G3886	G3788
G3886	G3789
G3886	G3790
G3886	G3791
G3886	G2530
G3886	G1555
G3886	G2219
G3886	G332
G3886	G810
G3886	G811
G3886	G1298
G3886	G1556
G3886	G1578
G3886	G1579
G3886	G1580
G3886	G1581
G3886	G1582
G3886	G1677
G3886	G1692
G3886	G1693
G3886	G1810
G3886	G2538
G3886	G4125
G3886	G3917
G3886	G3953
G3886	G1299
G3963	G30
G3963	G31
G2535	G2537
G2535	G2536
G2535	G445
G2535	G310
G2535	G758
G1413	G1412
G1413	G2602
G1413	G2603
G1413	G2601
G1413	G2876
G1413	G2299
G1413	G2300
G1298	G1300
G1298	G1299
G1473	G1477
G1473	G1472
G1473	G1478
G1473	G1470
G1473	G1471
G1473	G1479
G1473	G1480
G408	G3861
G408	G777
G408	G4017
G408	G3034
G408	G3033
G408	G3032
G408	G971
G408	G966
G408	G967
G408	G968
G408	G969
G3266	G3267
G3266	G3268
G67	G64
G67	G65
G67	G66
G67	G68
G67	G2234
G67	G4227
G1974	G1975
G1974	G1976
G386	G2096
G386	G2097
G386	G3943
G386	G2098
G386	G2503
G386	G2502
G386	G2500
G386	G2501
G386	G3942
G1509	G1149
G1509	G1150
G1509	G1152
G1509	G1151
G1509	G866
G1509	G966
G1509	G967
G1509	G968
G1509	G969
G1509	G1498
G948	G30
G948	G31
G948	G556
G948	G3280
G948	G3281
G948	G941
G948	G942
G948	G943
G948	G944
G948	G945
G948	G946
G948	G947
G948	G1204
G948	G1550
G948	G1551
G948	G1552
G582	G528
G582	G3021
G582	G2888
G582	G576
G582	G577
G582	G578
G582	G579
G582	G580
G582	G581
G2496	G3479
G2496	G3480
G2496	G3481
G2496	G73
G2496	G3749
G2496	G3748
G2496	G3747
G2496	G2722
G2496	G2575
G2496	G2576
G2496	G2577
G2496	G2578
G2496	G2579
G2496	G2580
G2496	G2581
G4088	G2158
G4088	G4090
G4088	G3749
G4088	G3748
G4088	G3747
G4088	G2827
G4088	G3416
G4088	G3452
G4088	G3474
G4088	G2312
G4088	G2831
G4088	G2159
G4088	G2828
G4088	G2829
G4088	G2830
G3046	G435
G3046	G434
G1550	G1551
G1550	G1552
G2275	G2276
G2275	G2277
G1467	G1465
G1467	G1466
G1090	G1092
G1090	G1093
G1090	G1094
G1090	G1095
G1358	G1177
G1358	G1178
G1358	G1179
G1358	G3714
G1358	G890
G1358	G745
G2820	G1358
G2856	G2857
G2856	G2858
G2856	G2859
G2818	G2562
G2818	G818
G2818	G966
G2818	G967
G2818	G968
G2818	G969
G2818	G2819
G2402	G2421
G2402	G2420
G2402	G2418
G2402	G2419
G2402	G4243
G2809	G2810
G2809	G2811
G1994	G3845
G1994	G2970
G1994	G2972
G1994	G2971
G1994	G966
G1994	G967
G1994	G968
G1994	G969
G1994	G2969
G1994	G2976
G2866	G2865
G1891	G4170
G2602	G2600
G2602	G2601
G1039	G1040
G4024	G679
G4024	G680
G4024	G2583
G4024	G3988
G4024	G3987
G4024	G3986
G4024	G3985
G4024	G3984
G4024	G3668
G4024	G3669
G4024	G190
G4024	G192
G4024	G191
G276	G1787
G276	G1788
G276	G1813
G276	G1812
G276	G1811
G276	G275
G276	G1810
G1811	G1787
G1811	G1788
G1811	G4066
G1811	G3275
G1811	G3274
G1811	G3273
G1811	G971
G1811	G1399
G1811	G3277
G1811	G3760
G1811	G1994
G1811	G3278
G1811	G3279
G1811	G966
G1811	G967
G1811	G968
G1811	G969
G1811	G970
G1811	G972
G1811	G1204
G1811	G1398
G1992	G108
G1992	G109
G1992	G110
G1992	G3021
G1992	G107
G1992	G971
G1992	G1719
G1992	G966
G1992	G967
G1992	G968
G1992	G969
G1992	G970
G1992	G972
G1992	G1720
G1992	G4047
G3825	G3757
G3825	G4009
G3825	G432
G3825	G949
G3825	G3379
G3825	G3826
G3825	G433
G3825	G2823
G3825	G966
G3825	G967
G3825	G968
G3825	G969
G3825	G1455
G3825	G2115
G3825	G2116
G3825	G2117
G3825	G2118
G3825	G2119
G3825	G2120
G3825	G2822
G3825	G2993
G3825	G4174
G784	G895
G784	G1439
G784	G3714
G784	G890
G784	G259
G784	G782
G784	G783
G784	G966
G784	G967
G784	G968
G784	G969
G784	G1091
G784	G1498
G1443	G1481
G1443	G1482
G2236	G3311
G1247	G1242
G1247	G1241
G1247	G1240
G1247	G1244
G1247	G1245
G1247	G1246
G1247	G1248
G1247	G4161
G1218	G1219
G1218	G1220
G1218	G1215
G1218	G1216
G1218	G1217
G1218	G1221
G1218	G4249
G286	G283
G286	G284
G286	G285
G77	G88
G77	G92
G77	G90
G77	G80
G77	G89
G77	G85
G77	G91
G77	G83
G77	G87
G77	G84
G77	G81
G77	G82
G77	G86
G77	G78
G77	G79
G77	G3500
G1343	G3371
G1343	G1812
G1343	G1811
G1343	G1342
G1343	G1810
G1852	G405
G1852	G404
G1852	G403
G1852	G402
G1852	G401
G1852	G539
G1852	G534
G1852	G535
G1852	G536
G1852	G537
G1852	G538
G1852	G1853
G1686	G1687
G4058	G1787
G4058	G1788
G4058	G2079
G4058	G2447
G4058	G2446
G4058	G725
G4058	G923
G4058	G2445
G4058	G4158
G4058	G4159
G1804	G3429
G1804	G2513
G1804	G1407
G735	G736
G735	G731
G735	G732
G735	G733
G735	G734
G420	G2903
G420	G4114
G2877	G2878
G295	G3530
G295	G1825
G295	G1826
G295	G1827
G295	G1828
G295	G1829
G295	G1830
G295	G4110
G2900	G2836
G2900	G741
G2900	G988
G2900	G2896
G2900	G2901
G2900	G2902
G2900	G3206
G4265	G3730
G4265	G3729
G4265	G3731
G4265	G1635
G4265	G30
G4265	G31
G4265	G3141
G4265	G2583
G4265	G2584
G4265	G2585
G4265	G831
G4265	G832
G4265	G833
G4265	G3309
G4265	G3175
G4265	G2552
G4265	G4011
G4265	G4009
G4265	G4013
G4265	G4014
G4265	G4015
G4265	G4016
G4265	G4017
G4265	G3043
G4265	G1787
G4265	G1788
G4265	G1253
G4265	G46
G4265	G118
G4265	G750
G4265	G749
G4265	G748
G4265	G2101
G4265	G2102
G4265	G667
G4265	G2998
G4265	G2999
G4265	G1135
G4265	G1611
G4265	G849
G4265	G1413
G4265	G1412
G4265	G2546
G4265	G2545
G4265	G2544
G4265	G2543
G4265	G2542
G4265	G2541
G4265	G2540
G4265	G2539
G4265	G2547
G4265	G2548
G4265	G2549
G4265	G2550
G4265	G2551
G4265	G3519
G4265	G3518
G4265	G3517
G4265	G3516
G4265	G2949
G4265	G1149
G4265	G1150
G4265	G1152
G4265	G1151
G4265	G1148
G4265	G1037
G4265	G3138
G4265	G3140
G4265	G3139
G4265	G2079
G4265	G866
G4265	G3176
G4265	G840
G4265	G3486
G4265	G3482
G4265	G1136
G4265	G2504
G4265	G2505
G4265	G2506
G4265	G1223
G4265	G1224
G4265	G1225
G4265	G1226
G4265	G1227
G4265	G3484
G4265	G3483
G4265	G3485
G4265	G3228
G4265	G3639
G4265	G1557
G4265	G672
G4265	G673
G4265	G674
G4265	G675
G4265	G2909
G4265	G2908
G4265	G2907
G4265	G1800
G4265	G2906
G4265	G841
G4265	G3042
G4265	G1812
G4265	G1811
G4265	G3754
G4265	G3755
G4265	G1583
G4265	G3260
G4265	G4066
G4265	G751
G4265	G3784
G4265	G3829
G4265	G1386
G4265	G3000
G4265	G3448
G4265	G2085
G4265	G2086
G4265	G2087
G4265	G2088
G4265	G2139
G4265	G2146
G4265	G3785
G4265	G2283
G4265	G2421
G4265	G3741
G4265	G3742
G4265	G3743
G4265	G3744
G4265	G3765
G4265	G3782
G4265	G3783
G4265	G3786
G4265	G3787
G4265	G3788
G4265	G3789
G4265	G3790
G4265	G3791
G4265	G133
G4265	G134
G4265	G4012
G4265	G2029
G4265	G2150
G4265	G2149
G4265	G2148
G4265	G2147
G4265	G2145
G4265	G2144
G4265	G2143
G4265	G2142
G4265	G2141
G4265	G2140
G4265	G2138
G4265	G2284
G4265	G3259
G4265	G3338
G4265	G3339
G4265	G3340
G4265	G3341
G4265	G3342
G4265	G3343
G4265	G3344
G4265	G3345
G4265	G3346
G4265	G3347
G4265	G2420
G4265	G870
G4265	G1137
G4265	G2532
G4265	G3902
G4265	G3903
G4265	G3308
G4265	G3307
G4265	G3306
G4265	G3305
G4265	G2780
G4265	G119
G4265	G4111
G4265	G871
G4265	G872
G4265	G873
G4265	G874
G4265	G966
G4265	G967
G4265	G968
G4265	G969
G4265	G1301
G4265	G1302
G4265	G1303
G4265	G1304
G4265	G1305
G4265	G1306
G4265	G1307
G4265	G1308
G4265	G1309
G4265	G1310
G4265	G1311
G4265	G1312
G4265	G1578
G4265	G1579
G4265	G1580
G4265	G1581
G4265	G1582
G4265	G1810
G4265	G2418
G4265	G2419
G4265	G2531
G4265	G2538
G4265	G2779
G4265	G2781
G4265	G4112
G4265	G2782
G4265	G2868
G4265	G4115
G4265	G2904
G4265	G2905
G4265	G3012
G4265	G4119
G4265	G3190
G4265	G3900
G4265	G3901
G4265	G3904
G4265	G3905
G4265	G3906
G4265	G4132
G4265	G4243
G4262	G698
G4262	G696
G4262	G697
G4262	G2949
G4262	G1800
G4262	G695
G4262	G637
G4262	G636
G336	G335
G336	G334
G4259	G585
G3599	G2169
G3599	G2172
G3599	G3601
G3599	G750
G3599	G3600
G3599	G749
G3599	G748
G3599	G2168
G3599	G2603
G3599	G792
G3599	G793
G3599	G794
G3599	G795
G3599	G424
G3599	G2421
G3599	G2171
G3599	G2170
G3599	G423
G3599	G2420
G3599	G3050
G3599	G3051
G3599	G3052
G3599	G3053
G3599	G941
G3599	G942
G3599	G943
G3599	G944
G3599	G945
G3599	G946
G3599	G947
G3599	G1389
G3599	G1390
G3599	G1391
G3599	G1392
G3599	G1393
G3599	G1394
G3599	G1640
G3599	G1641
G3599	G1642
G3599	G1643
G3599	G1644
G3599	G1679
G3599	G1680
G3599	G1864
G3599	G1865
G3599	G2418
G3599	G2419
G3599	G2868
G3599	G4243
G4268	G3479
G4268	G3480
G4268	G3481
G4268	G73
G4268	G2974
G4268	G3442
G4268	G1984
G4268	G366
G4268	G1320
G4268	G1321
G4268	G1322
G4268	G1323
G4268	G1658
G4268	G1773
G4268	G2812
G4268	G2824
G4260	G1831
G4260	G1832
G4260	G1833
G4260	G2103
G4260	G2104
G4260	G2105
G4260	G3021
G4260	G2015
G4260	G2016
G4260	G2014
G4260	G2638
G4260	G1814
G4260	G2639
G4260	G2640
G4260	G2641
G4260	G1834
G4260	G1824
G4260	G1825
G4260	G1812
G4260	G1811
G4260	G1815
G4260	G1816
G4260	G2533
G4260	G2534
G4260	G1826
G4260	G1827
G4260	G533
G4260	G3785
G4260	G3786
G4260	G3787
G4260	G3788
G4260	G3789
G4260	G3790
G4260	G3791
G4260	G1835
G4260	G1836
G4260	G1837
G4260	G2058
G4260	G2059
G4260	G2060
G4260	G2061
G4260	G2063
G4260	G2064
G4260	G2065
G4260	G2066
G4260	G2067
G4260	G2068
G4260	G2069
G4260	G2070
G4260	G2072
G4260	G2642
G4260	G2071
G4260	G2062
G4260	G3290
G4260	G614
G4260	G613
G4260	G612
G4260	G1000
G4260	G1001
G4260	G1002
G4260	G1003
G4260	G1004
G4260	G1005
G4260	G1006
G4260	G1007
G4260	G1008
G4260	G1009
G4260	G999
G4260	G1775
G4260	G1828
G4260	G1829
G4260	G1830
G4260	G615
G4260	G998
G4260	G1119
G4260	G1774
G4260	G1776
G4260	G1797
G4260	G1810
G4260	G2558
G4267	G1787
G4267	G1788
G4267	G1838
G4267	G3741
G4267	G3742
G4267	G3743
G4267	G3744
G4267	G966
G4267	G967
G4267	G968
G4267	G969
G4267	G1930
G4267	G1931
G4267	G1932
G4267	G1933
G4267	G1934
G3176	G408
G3176	G3843
G3176	G3844
G3176	G3845
G3176	G2204
G3176	G1787
G3176	G1788
G3176	G1576
G3176	G2079
G3176	G866
G3176	G640
G3176	G641
G3176	G2832
G3176	G107
G3176	G3137
G3176	G4086
G3176	G1386
G3176	G3179
G3176	G3180
G3176	G436
G3176	G753
G3176	G752
G3176	G1375
G3176	G2884
G3176	G3181
G3176	G4098
G3176	G207
G3176	G208
G3176	G954
G3176	G955
G3176	G956
G3176	G957
G3176	G966
G3176	G967
G3176	G968
G3176	G969
G3176	G1535
G254	G249
G254	G248
G254	G250
G254	G251
G1274	G1275
G1274	G1276
G1274	G1277
G1274	G1278
G1274	G1279
G1274	G1280
G4266	G2600
G4264	G2602
G4264	G2603
G4264	G2601
G4269	G1465
G4261	G3542
G4261	G3843
G4261	G3844
G4261	G3272
G4261	G3271
G4261	G3281
G4261	G3827
G4261	G3282
G4261	G3256
G4123	G4121
G4123	G3454
G4123	G3453
G4123	G4122
G3615	G3611
G3615	G3612
G3615	G3613
G3615	G3614
G632	G2914
G632	G865
G632	G2021
G632	G405
G632	G404
G632	G403
G632	G402
G632	G401
G632	G560
G632	G559
G632	G557
G632	G547
G632	G558
G632	G550
G632	G2806
G632	G2805
G632	G3988
G632	G3987
G632	G3986
G632	G3985
G632	G3984
G632	G3990
G632	G3989
G632	G548
G632	G556
G632	G552
G632	G554
G632	G551
G632	G553
G632	G549
G632	G144
G632	G147
G632	G145
G632	G146
G632	G1030
G632	G1787
G632	G1788
G632	G1253
G632	G3834
G632	G1512
G632	G1657
G632	G2998
G632	G2999
G632	G1902
G632	G2400
G632	G1628
G632	G2562
G632	G3671
G632	G110
G632	G3734
G632	G3667
G632	G1037
G632	G866
G632	G1163
G632	G1164
G632	G1165
G632	G1166
G632	G1167
G632	G1559
G632	G990
G632	G1798
G632	G670
G632	G671
G632	G668
G632	G669
G632	G3639
G632	G3778
G632	G3777
G632	G672
G632	G673
G632	G674
G632	G675
G632	G1172
G632	G555
G632	G561
G632	G1176
G632	G2912
G632	G2913
G632	G1748
G632	G3108
G632	G1583
G632	G160
G632	G3000
G632	G1451
G632	G694
G632	G2427
G632	G424
G632	G3179
G632	G3180
G632	G3107
G632	G423
G632	G2498
G632	G2503
G632	G2915
G632	G3181
G632	G2502
G632	G744
G632	G1449
G632	G1450
G632	G1578
G632	G1579
G632	G1580
G632	G1581
G632	G1582
G632	G1717
G632	G1856
G632	G1865
G632	G1975
G632	G1976
G632	G2246
G632	G2500
G632	G2501
G632	G2865
G632	G3097
G632	G3098
G632	G3099
G632	G3100
G632	G3101
G632	G3102
G632	G3103
G632	G3104
G632	G3105
G632	G3106
G632	G3208
G632	G4060
G632	G4148
G632	G4188
G3037	G3038
G3836	G3835
G3836	G3850
G3836	G3865
G3836	G3864
G3836	G3863
G3836	G3862
G3836	G3834
G3836	G3174
G3836	G3849
G3836	G3293
G3836	G581
G3836	G582
G1239	G1228
G1239	G1229
G1239	G1230
G1239	G1231
G1239	G1232
G1239	G1233
G1239	G1234
G1239	G1235
G1239	G1236
G1239	G1237
G1239	G1238
G1239	G4160
G1346	G4164
G642	G646
G642	G645
G642	G644
G3432	G3429
G459	G720
G459	G721
G459	G723
G459	G724
G459	G722
G459	G117
G459	G456
G1332	G356
G1332	G1874
G1332	G2193
G3248	G3243
G3248	G3244
G3248	G3245
G3248	G3246
G3248	G3247
G3065	G3236
G755	G751
G755	G1717
G755	G2246
G755	G4234
G3146	G3143
G3146	G3144
G3146	G4118
G3146	G3145
G3667	G3728
G3667	G3668
G3667	G2807
G3667	G3569
G3667	G3670
G3667	G2749
G3667	G3669
G3667	G3568
G3667	G2018
G3667	G2019
G3667	G569
G3667	G570
G3667	G190
G3667	G192
G3667	G191
G1560	G1561
G3028	G3025
G3028	G3026
G3028	G3027
G2250	G3401
G2250	G3462
G2250	G2861
G2250	G2795
G2250	G2649
G3469	G3749
G3469	G3506
G3469	G3522
G3469	G182
G1203	G3821
G1203	G537
G1203	G762
G1203	G3897
G2556	G2557
G2556	G2558
G2988	G2204
G2988	G3399
G2988	G1534
G2988	G1719
G2988	G1720
G2988	G2203
